id,label
OMIM:155600,cutaneous malignant melanomas
MESH:D002292,Renal Cell Carcinoma
MESH:D007680,kidney cancer
MESH:D007674,kidney tumor
MESH:D002277,epithelial tumors
MESH:D009369,Cancer Genome Anatomy Project
MESH:D000230,Colon_adenocarcinoma
MESH:D006223,CS
MESH:C535955,MD
MESH:D001943,breast tumor
OMIM:604173,PN
MESH:D009468,neuromuscular disease
MESH:D055623,actinic keratosis
MESH:D056685,FCS
OMIM:307150,CGH
MESH:D059327,solid tumors
MESH:D016393,B-cell lymphoma
MESH:D006526,"picornaviral, hepatitis C"
MESH:D015275,Bladder tumour
MESH:D001749,bladder cancer
MESH:D015179,colorectal carcinoma
MESH:D003110,colon cancer
MESH:C536528,LPS
MESH:D046152,gastrointestinal stromal tumors
MESH:C535700,mesenchymal tumors
OMIM:606864,GIST
MESH:D009220,Inflammatory myopathy
MESH:D009373,Embryonic lung fibroblasts
OMIM:161900,allograft nephropathy
MESH:D004915,erythroleukemia
MESH:C537984,IC
OMIM:607948,Mycobacterium tuberculosis
MESH:D007239,chronic infections
MESH:D006528,Comparison of hepatocellular carcinoma
MESH:D007938,leukemia
MESH:D054198,acute lymphoblastic leukemia
MESH:D007945,lymphoid leukemia
MESH:D016750,arterial stiffness
MESH:D015470,Acute myeloid leukemia
MESH:D006333,congestive heart failure
MESH:C535499,WC
MESH:D009436,Thalassaemia Myelodysplasia Syndrome
MESH:D009136,muscular dystrophies
MESH:D020388,Duchenne muscular dystrophy
MESH:D008527,medulloblastoma
MESH:D001249,Asthma exacerbatory
MESH:D004283,Canine tachycardia
MESH:D009202,cardiomyopathy
MESH:C535387,PPD
MESH:D009765,obesity
MESH:D002318,cardiovascular disease
MESH:D029424,Chronic obstructive pulmonary disease
MESH:D003882,untreated dermatomyositis
MESH:C538250,Juvenile dermatomyositis
MESH:D020144,systemic vasculopathy
MESH:D009135,myopathy
MESH:D009336,necrosis
MESH:D001168,advanced arthritis
MESH:D003586,Cytomegalovirus infection
MESH:C535478,Fuchs' dystrophy
MESH:D003316,corneal endothelium
MESH:D053448,prostate carcinoma
MESH:D015828,Viral infection
MESH:D012514,Kaposi's Sarcoma
MESH:D000163,AIDS-KS lesions
MESH:D001768,KS lesions
MESH:D011832,X-radiation
MESH:D002583,Cervical Cancer
MESH:D013274,gastric cancer
MESH:D001172,rheumatoid arthritis
MESH:D010003,osteoarthritis Keywords
MESH:D013920,Essential Thrombocythemia
MESH:D016751,ET
MESH:D013272,gastric mucosa
MESH:D052016,mucosal response
MESH:D007249,gastric inflammation
MESH:D007889,leiomyomas
MESH:D059226,myometrial tissue
MESH:D012512,ES
MESH:C537591,SCID
MESH:D001982,bronchial epithelial cell line
MESH:D003550,cystic fibrosis
MESH:D018856,Interstitial cystitis
MESH:D001745,bladder epithelial
MESH:D007020,antiproliferative factor
OMIM:131440,bladder epithelial cell proliferation
MESH:D007015,phosphate buffered saline
MESH:C535575,Carcinoma (HNSCC) primary tumors
MESH:D001932,primary tumor
MESH:D014067,three normal tonsillar epithelium
MESH:D006258,neck cancer
MESH:C537330,SDS
MESH:D009101,myeloma
MESH:C537262,HP
MESH:D002547,CP
MESH:D003668,hydrostatic pressure
MESH:D007174,control ambient pressure
MESH:D009447,neuroblastoma
MESH:D014591,malignant uterine and extra-uterine leiomyosarcoma
MESH:D000690,Amyotrophic lateral sclerosis
OMIM:205100,ALS
MESH:D013313,Posttraumatic stress disorder
MESH:C537849,ND
MESH:D011471,refractory prostate cancer
MESH:D009157,Myasthenia Gravis
MESH:D006105,Chronic Granulomatous
OMIM:306400,X-linked chronic granulomatous disease
MESH:D006506,A-T
MESH:D001260,= ataxia telangiectasia
MESH:D012509,pediatric sarcoma
MESH:D012208,rhabdomyosarcoma
MESH:D018233,pediatric alveolar (aRMS) and embryonal (eRMS) rhabdomyosarcoma
MESH:D000860,hypoxia
MESH:D002534,"normoxic, hypoxic and anoxic conditions"
MESH:D009190,Myelodysplastic
MESH:D054221,MDS
MESH:D003324,coronary artery disease
MESH:D009203,acute Myocardial infarction
OMIM:209500,APL
MESH:D008171,Primary lung fibroblasts
MESH:D013922,Thrombocythemia
MESH:D012516,Osteosarcoma
MESH:D003677,dystrophin-deficient
MESH:D003928,Diabetic nephropathy
MESH:D006949,hyperlipemia
MESH:D011782,Quadriplegic Myopathy
MESH:D019282,acute muscle wasting
MESH:D009133,muscle atrophy
MESH:C538350,myofilament loss
OMIM:262890,Scott syndrome
MESH:D008175,Lung cancer
MESH:D018358,neuroendocrine tumors
MESH:D018278,neuroendocrine carcinomas
MESH:D055752,small-cell lung carcinoma
MESH:D018288,SCLC
MESH:D018287,large-cell carcinoma
MESH:D009461,FINDINGS
MESH:D008569,Memory T
MESH:D004646,emphysema
MESH:D008288,malaria
MESH:D000740,malarial anemia
MESH:D016779,cerebral malaria
MESH:C531736,acute malaria
MESH:D004194,malarial disease
MESH:D005909,glioblastoma
MESH:D015212,Inflammatory bowel disease
MESH:D003424,Crohn´s disease
MESH:D003093,Ulcerative Colitis
MESH:C535541,IBD
MESH:D044882,reduce myotube glucose metabolism
MESH:C536277,idiopathic dilated cardiomyopathy
MESH:D002545,ischemic cardiomyopathy
MESH:D002310,alcoholic cardiomyopathy
MESH:D006349,valvular cardiomyopathy
MESH:D002312,hypertrophic cardiomyopathy
MESH:D007029,Hypothalamus
MESH:D009396,Wilms tumor
MESH:D056486,"bronchial epithelial cells, and S9 toxicity"
MESH:D000236,adenoma
MESH:C536751,HSP27-WT
MESH:D008659,metabolic syndrome
MESH:D000544,AD
MESH:D055956,neurofibrillary tangle
MESH:D015419,Hereditary Spastic Paraplegia
MESH:C537483,HSP
MESH:D007859,academic lecture
MESH:D020031,sarcoma-associated herpes virus
MESH:D001171,Juvenile Rheumatoid Arthritis
MESH:D005198,renal proximal tubular cell line HK-2
MESH:C537985,PubMed ID 15314653
MESH:C535588,CPT
MESH:D055948,muscle sarcopenia
MESH:D015163,microbial infections
MESH:D002418,fetal bovine serum
MESH:D000130,ACH-2
MESH:D015658,HIV
MESH:D028361,Mitochondrial disorders
MESH:D017237,Mitochondrial Encephalomyopathy
MESH:C536739,MED
MESH:D018827,lung carcinoma
MESH:D003286,Congenital Contracture Syndrome
MESH:D006331,heart disease
MESH:D002282,Alveolar epithalial
MESH:D058922,inflammatory breast cancer
MESH:D057091,Apocrine carcinoma
MESH:D008545,melanoma
MESH:C535382,renal dysfunction
MESH:C538457,Segmental Glomerulosclerosis
MESH:D054218,T-cell acute lymphoblastic leukemia
MESH:D011085,Polycystic ovary syndrome
MESH:D004700,endocrine and metabolic disorder
MESH:D014770,ovarian androgen production
MESH:D054685,effusion lymphoma
MESH:D052456,hyper-osmotic and hypo-osmotic media
MESH:C538167,IVD
MESH:C535531,Intervertebral disc
MESH:D041882,Comparison of severely emphysematous tissue
MESH:D016183,murine leukemia
MESH:D005910,glioma
MESH:C538394,Ficoll-Hypaque density
MESH:D008268,macular degeneration
MESH:D054990,idiopathic pulmonary fibrosis
MESH:D011658,alveolitis
MESH:D012595,systemic sclerosis
MESH:D014717,Fifteen healthy subjects
MESH:D012878,skin cancer
MESH:D007951,myeloid leukemia
OMIM:610600,Type II IFN
OMIM:612247,CAN
MESH:C536514,Thomas
MESH:D006816,Huntington's disease
MESH:D012871,skin tumors
MESH:D009362,tumor metastasis
OMIM:105210,FAP
MESH:D005354,Fibrosarcoma Impair Tumor
MESH:C536342,Column N
MESH:D004314,Down syndrome
MESH:D013736,TGCT
MESH:D002822,choriocarcinoma
MESH:D018236,embryonal carcinoma
MESH:D018239,seminoma
MESH:C537489,testicular neoplasm
MESH:D018240,sac tumor
MESH:D000755,sickle cell disease
MESH:C536778,SCD
MESH:D005642,endothelial dysfunction
MESH:D056586,acute chest syndrome
MESH:D000168,ACS
MESH:D003877,Contact details
MESH:D055985,KSHV latent infection
MESH:D015526,HIV-associated dementia
MESH:D007645,MDM
MESH:D010049,Ovarian Carcinoma
MESH:D010051,Ovarian Cancer
MESH:D021441,pancreatic duct epithelial cell line
MESH:D003876,Atopic diseases
OMIM:607154,allergic rhinitis
MESH:D002294,Squamous cell carcinoma
MESH:D001254,pilocytic astrocytomas
MESH:D018316,gliosarcomas
MESH:D009837,oligodendrogliomas
MESH:D020141,hemostatic and pathological disorders
MESH:D020257,vascular remodeling
MESH:D009196,myeloproliferative disorder
MESH:C536100,myopathic
MESH:D006929,hyperaldosteronism
MESH:D055954,endothelial progenitor cells
MESH:D048089,fetal calf serum
MESH:D044584,Ductal Carcinoma
MESH:C538231,lung adenocarcinoma
MESH:D002575,cervical carcinoma
MESH:D010954,plasma-cell leukaemia
OMIM:153100,PCL
MESH:C538509,"Wuchereria bancrofti, Mansonella perstans"
MESH:D005764,gastro-oesophageal reflux disease
MESH:C535477,MAP
OMIM:143890,FH
MESH:C538191,fumarate hydratase
MESH:D020945,neuropsychiatric disorders
MESH:D005329,psychiatric disorder
MESH:D004670,"California, Davis"
MESH:D018980,"Consortium, William Lion Penzner Foundation"
MESH:C538013,HA
MESH:D010911,pituitary adenomas
MESH:C536408,derivative xenograft tumors
MESH:C537666,BMD
MESH:D011125,APC
MESH:D001281,atrial fibrillation
MESH:C537680,Comparison of atrial and ventricular gene
MESH:D017682,atrial myocardium
MESH:D056830,atrial and ventricular myocardium
MESH:D017204,AS
MESH:D015464,chronic myeloid leukemia
MESH:D020139,carcinoma of the oral cavity
MESH:C538219,Metastatic primary tumors
MESH:D008207,carcinoma lymphatic metastasis
MESH:D015458,Hirata T
OMIM:188890,cigarette smoke
MESH:D012128,acute respiratory distress syndrome
MESH:D019337,hematopoietic diseases
MESH:C538339,Nasopharyngeal carcinoma
MESH:D003704,dementia
MESH:D004660,encephalitis
MESH:D016097,simian immunodeficiency virus-infected brains
MESH:D002493,CNS
MESH:D005901,glaucoma Keywords
MESH:D007012,Hypopharyngeal_cancer
MESH:D000013,chip defects
OMIM:270100,SIV
MESH:D008223,lymphoma
MESH:D034721,indolent disease
MESH:D018450,progressive disease
MESH:D012175,retinoblastoma
MESH:D020335,hypotonic buffer
MESH:D009103,MS
MESH:D004714,Atypical ductal hyperplasia
MESH:D007177,ADH
MESH:D054391,NK/T lymphoma
OMIM:226730,EB infected T
MESH:D016399,T lymphoma
MESH:D055577,Cancer AC Camargo
MESH:D004941,esophagitis
MESH:C537006,esophagogastric junction
MESH:D004938,esophageal cancer
MESH:D053560,IBS
MESH:D012778,bowel syndrome
MESH:D007818,Normal larynx and hypopharynx samples
MESH:D015451,chronic lymphocytic leukemia
MESH:D003428,"Hospital Araujo Jorge (Goiania, Brazil) and Hospital Heliopolis"
MESH:D006042,goiters
MESH:D002291,papillary carcinomas
MESH:C537751,oncogene-induced senescence
MESH:D030361,papillomavirus oncoproteins E6 and E7
MESH:D000437,dose dependant infection
MESH:D016609,primary cancer
MESH:C536664,peroxisome biogenesis disorders
OMIM:607326,Comparison of SMC
MESH:D010518,Periodontitis
MESH:D002908,chronic inflammatory disease
MESH:D016388,tooth loss
MESH:D005891,gingival epithelium
MESH:D008654,Malignant pleural mesothelioma
MESH:D015473,Acute Promyelocytic Leukemia
MESH:D003027,cluster II
MESH:D008080,liposarcomas
MESH:D007890,leiomyosarcomas
MESH:D051677,malignant fibrous histiocytomas
MESH:C536282,idiopathic pulmonary arterial hypertension
OMIM:601399,FPD-AML
MESH:D019952,PROFILING IMPROVES DIAGNOSES OF REJECTION AND INFECTION IN
MESH:D004719,endomyocardial biopsies
MESH:D001424,bacterial infections
MESH:D009205,Toxoplasma myocarditis
MESH:D007943,leukemic
MESH:D009361,invasive carcinomas
MESH:D018226,fibroadenoma
MESH:C531766,Whole Transcriptome Amplification
MESH:D001734,Comparison of human
MESH:D010190,Pancreatic cancer
MESH:D002311,familial dilated cardiomyopathy
MESH:D017202,ischemic heart disease
MESH:D012507,sarcoidosis
MESH:D008679,Intestinal Metaplasia
MESH:D005756,Chronic Gastritis
MESH:C536718,Perkin-Elmer
MESH:C536170,DD
MESH:D004387,Dupuytren's disease
MESH:C536338,palmar fascia
MESH:D005902,angle glaucoma
MESH:D003929,neuropathy
MESH:D001766,impairment and blindness
MESH:D045888,retinal ganglion
MESH:D020243,ACA
MESH:D012400,Rotavirus infection
MESH:D003967,diarrhea
MESH:D012002,Rectal Carcinoma
OMIM:611584,Group IIE tumors
MESH:D053359,HED
MESH:D018232,Alveolar Rhabdomyosarcoma
OMIM:608203,neutrophils
MESH:D010677,Ph-positive leukemia
MESH:D018365,residual leukemia
MESH:D003229,conjunctival epithelial cell line
MESH:D012327,Complementary RNA
MESH:D010673,pheochromocytomas
MESH:D006623,VHL
OMIM:252010,oxidoreductase defect
MESH:C536657,TNF
MESH:D009410,neuron degeneration
MESH:D054969,dysautonomias
MESH:D000753,refractory diseases
MESH:D002289,non-small cell lung cancer
MESH:D015459,adult T cell leukemia
MESH:D003920,diabetes mellitus
MESH:D005320,macrosomia
MESH:D002280,Basal Cell Carcinomas
MESH:D002869,copy number abnormality
MESH:D017563,interstitial lung disease
MESH:D018357,respiratory syncytial virus
OMIM:263000,ILD
OMIM:261000,intrinsic GDP/GTP
MESH:D018270,invasive breast carcinomas
OMIM:607447,"""INDEX"
MESH:D018262,ovarian clear cell adenocarcinoma
MESH:D016889,endometrial carcinomas
MESH:C537995,in dysferlinopathies
MESH:D049288,"Dysferlinopathies, limb-girdle muscular dystrophy"
MESH:D055371,acute lung injury
MESH:D002386,cataract
OMIM:613729,MDA-MB-231
MESH:D006130,angiogenic growth
MESH:D003108,colon adeno carcinoma
MESH:D050197,atherosclerosis
OMIM:314250,X linked dystonia parkinsonism
OMIM:229050,folate deficiency
MESH:D017285,Polymyositis
MESH:D003930,diabetic retinopathy
MESH:D018222,desmoid tumors
MESH:D005208,nodular fasciitis
MESH:D016518,NF
MESH:D009358,each disorder
MESH:C535950,FAS
MESH:D005348,mammary tumors
OMIM:613779,"WAP-Int3, and C3(1)-Tag tumors"
MESH:D004806,extra-cellular matrix
MESH:D002278,carcinoma in situ lesions
MESH:D002295,superficial transitional cell carcinoma
MESH:C536943,TCC
MESH:D009062,oral cancer
MESH:D020022,genetic defects
MESH:D008607,mental retardation
MESH:D042822,Diagnostic genome
MESH:C537501,SMD
MESH:D018293,serous carcinomas
MESH:D055501,alveolar macrophages
MESH:D010411,epithelial cell plasticity
MESH:D011695,allergic disorders
MESH:D010212,papilloma virus
MESH:D011027,CO2 pneumoperitoneum
MESH:D007511,ischemia
MESH:D016510,anti-angiogenesis tumor
MESH:D008661,inborn errors of metabolism
MESH:D016472,Amyotophic lateral sclerosis
MESH:D010264,spastic paraplegia
MESH:C536865,SPG4
MESH:D020389,Emery Dreifuss muscular dystrophy
MESH:D004828,partial loss of dystrophin
MESH:D019559,Clarkson PM
MESH:C535661,Winokur ST
MESH:D003560,renal cysts
MESH:D006362,IFN gamma
MESH:D014123,Toxoplasma gondii
MESH:D014125,Toxoplasma
MESH:C483997,Human Myeloma Cellline JJN3
MESH:D003057,Cockayne syndrome
OMIM:604757,CSB
MESH:C531680,neurodevelopmental disorder
MESH:D009165,Mycobacterial Infection
MESH:D014376,tuberculosis
MESH:D018461,soft tissue tumours
MESH:D035583,rare neoplasms
MESH:D013584,Synovial sarcomas
MESH:D001327,autoimmune diseases
MESH:D008224,follicular lymphoma
MESH:D016403,large B cell lymphoma
MESH:C536915,papillary thyroid carcinoma
OMIM:604588,mitosis
MESH:D018746,neuroinflammatory response
MESH:D012004,Rectal Cancer
MESH:D008113,liver cancers
MESH:C535944,tumor infiltration
MESH:D061325,breast and ovarian cancers
MESH:C538090,epithelial cancers
OMIM:603663,deficiency to certain health conditions
MESH:D016481,Helicobacter pylori infection
MESH:C535607,AGS
MESH:C536962,TS
MESH:D018798,iron deficiency
MESH:C537116,cardiomyopathic and NF hearts
MESH:D057772,vascular injury
MESH:C536329,polycystic lipomembranous osteodysplasia
MESH:D056784,sclerosing leukoencephalopathy
MESH:D005355,cirrhosis
MESH:D007888,LS
MESH:D020804,Varicella-zoster virus infection
MESH:D001480,sensory ganglia
MESH:D002644,attenuated varicella vaccine
MESH:C537877,attenuated VZV
MESH:D013586,Pigmented villonodular synovitis
MESH:D009386,neoplastic nature
MESH:D013581,synovial stroma
MESH:D020159,fatty acid synthase
MESH:C536766,PGE2 synthesis
MESH:D005315,Fetal myoblasts
MESH:D003092,Colitis
MESH:D000741,aplastic anemia
MESH:D009182,mycosis fungoides
MESH:D018442,marginal zone lymphomas
MESH:C536096,CHRF-288-11
MESH:D012216,Rheumatism
MESH:C536073,Comparison of Hutchinson–Gilford Progeria Syndrome
MESH:D011371,HGPS
MESH:D002658,developmental disorder
MESH:D011470,Benign Hyperplasia/Prostate Cancer
MESH:D013734,AIS
MESH:C538372,hyperinsulinemic euglycemic clamp
MESH:D049932,Nijmegen Breakage Syndrome
MESH:D018256,"adenomatous polyps”, Cancer"
MESH:D043171,genetic instability
MESH:D011127,colorectal polyps
MESH:D000782,MAP polyps showed aneuploid changes
MESH:D010386,"papillary tips, and renal pelvis"
MESH:D053591,Common Reference RNA
MESH:D058186,acute renal allograft rejection
MESH:C536215,pediatric renal allograft recipients
MESH:D006505,hepatitis
MESH:D006521,chronic hepatitis
MESH:D009145,mushroom extract
MESH:D061206,Micrometastasis primary tumors
MESH:C537389,FLT3 wild-type
MESH:D056989,inferior outcome
MESH:D007154,immune defense
MESH:D012899,hemorrhagic smallpox
MESH:D003161,tubulointerstitial (TI) compartment
MESH:D012559,schizophrenia
MESH:D005254,show deficits
MESH:D005310,fetal alcohol syndrome
MESH:D008579,Meningiomas
MESH:D019574,benign tumor
MESH:D012008,recurrent disease
MESH:C537373,MRD
MESH:D003480,Cushing’s syndrome
MESH:C537027,adrenal hyperplasia
OMIM:103900,ACTH-dependant hyperplasias
MESH:D006965,hyperplasia
MESH:C536855,Fibroblast-like synoviocytes
MESH:D010505,familial Mediterranean fever
MESH:D015270,APP intracellular domain
MESH:D010922,Placental deficiency
MESH:C538255,anaplastic lymphoma
MESH:D006689,Hodgkin lymphoma
MESH:D008641,thrombotic vascular occlusion
MESH:D054429,myelomonocytic leukemia
MESH:D007947,acute megakaryoblastic leukemia
MESH:D018198,malignant tumors
MESH:D007683,distal nephron and the normal kidney samples
MESH:D019966,anticancer drugs
MESH:D005870,Tenosynovial giant-cell tumor
MESH:D000275,reactive inflammatory disorders
MESH:D020178,advanced phase disease
OMIM:607304,cytosolic/nuclear
MESH:D020522,lymphomas mantle cell lymphoma
MESH:D001321,autism
MESH:D002659,autism spectrum disorders
MESH:D003528,adenoid cystic carcinoma
MESH:C537788,ACC
OMIM:274230,neoplasia
MESH:D002062,Frozen pituitaryspecimens
OMIM:135300,Hereditary gingival fibromatosis
OMIM:202200,glucocorticoid responsiveness
OMIM:300600,AIED
MESH:D034381,hearing loss
OMIM:300622,TN
OMIM:612237,myxoid chondrosarcoma
OMIM:600512,fibroblastic features
MESH:D054364,solitary fibrous tumor
MESH:C536914,medullary thyroid carcinoma
MESH:C536126,endocrine pancreatic tumor
MESH:D019636,neurodegenerative disorders
MESH:D003643,neuronal death
MESH:D006980,Hyperthyroidism
MESH:D007246,infertility
MESH:D000012,ABL
MESH:D007319,initial tumor
MESH:D007035,moderate hypothermia
MESH:D002349,carpal tunnel fascia
MESH:D002051,BL
OMIM:609322,tumor predisposition syndromes
MESH:D049912,pituitary adenoma predisposition
MESH:D002471,Wilms tumorigenesis
MESH:D013132,MSS cancers
MESH:D014652,vascular disease
MESH:D016918,reactive arthritis
MESH:D008180,systemic lupus erythematosus
MESH:D018275,atypical lobular hyperplasia
MESH:D002446,celiac disease
MESH:D007410,intestinal inflammatory disorder
MESH:D003141,various chronic infectious
MESH:D015518,Rett syndrome
MESH:C537723,Mecp2-deficient
MESH:D051556,deficiency during neuronal maturation
MESH:D001765,helix-loop-helix
MESH:D006086,Graft-versus-host disease
MESH:D005077,IL-6
OMIM:606367,interleukin-6
MESH:D014062,Keywords: human tongue cancer
MESH:D018487,ischemic left ventricular dysfunction
MESH:D018754,contractile dysfunction
MESH:D020150,pregnancy-associated disorders
MESH:D011507,proteinuria
MESH:D021081,epigenetic dysregulation
MESH:D002539,arterial disease
MESH:C537277,GPI-PLD
MESH:C536988,motor dysfunction
MESH:D002561,"lymphoma, cerebrovascular disease"
MESH:D001928,metabolic disorders
MESH:D020774,brain atrophy
MESH:D005911,gliosis
OMIM:256600,neurodegeneration
OMIM:168600,PD
MESH:C535643,multiple anomaly syndromes
MESH:C537219,dysmorphic features
MESH:D009123,hypotonia
MESH:D017496,hypopigmentation
MESH:D015783,aniridia
OMIM:203750,low-malignant T2 tumors
OMIM:108420,spermatogenic dysfunction
MESH:D054331,Sertoli-cell-only syndrom
MESH:D011565,psoriasis
MESH:D054740,dendritic cell tumours
OMIM:211750,Cohort C
MESH:D005693,GALT-deficient
OMIM:144120,G1 and G3 tumors
MESH:D011123,polyploidization
MESH:D008103,liver fibrosis
MESH:D005621,Friedreich’s ataxia
MESH:D020258,neurotoxicity
MESH:D009069,movement disorder
OMIM:612079,endocrinopathy
MESH:D000858,hyperandrogenism and chronic anovulation
MESH:D001941,breast epithelial cell MCF10F
MESH:D004715,endometriosis
MESH:D057180,ubiquitin proteasome pathway
MESH:D010300,Parkinson’s disease
MESH:C538010,Dulbecco's modified Eagle's medium
MESH:D014766,impact of HIV viremia
MESH:D008413,mastitis
MESH:C537108,Bos taurus autosomal chromosome (BTA) 21
MESH:D009422,neurological disorders
OMIM:609698,metabolic abnormalities
MESH:D001991,bronchitis
MESH:D018761,Multiple endocrine neoplasia type I
MESH:C537712,familial cancer syndrome
MESH:D049914,airway epithelial repair
MESH:D000402,airway epithelial diseases
MESH:D009421,congenital anomalies
MESH:D000303,dorsolateral prefrontal cortex
MESH:D001714,bipolar disorder
OMIM:611247,Bipolar affective disorder
MESH:C537101,characteristic disease
MESH:C537538,autosomal segmental CNVs
MESH:D009081,Mucolipidosis type IV
MESH:D049290,AB
MESH:D009375,alveolar epithelial
MESH:D008206,lymphatic-vascular invasion
MESH:D010024,postmenopausal women
MESH:D017887,posterior longitudinal ligament
MESH:D003731,nonsense mediated decay
MESH:D008850,microphthalmia
MESH:D011475,recurrence-free survival
MESH:D006192,Haemophilus ducreyi
OMIM:300067,myeloid DC
MESH:D007877,Legionnaire’s disease
MESH:D018290,Vulvar Intraepithelial Neoplasia
MESH:D009102,organ dysfunction syndrome
MESH:D014947,trauma
MESH:D001528,BD
MESH:D020763,Anatomic demarcation
MESH:D020016,activated protein C
MESH:D004485,Eczema
MESH:D003872,pruritic dermatitis
MESH:D020233,PAs
MESH:D017253,neurofibromatosis
MESH:D018299,Ductal and lobular tumor
MESH:D054988,Idiopathic interstitial pneumonia
MESH:D020821,familial and sporadic IIPs
MESH:C536940,TAR syndrome
MESH:C538106,W/T
MESH:D015461,T-cell prolymphocytic leukemia
MESH:D001117,arenavirus hemorrhagic fever
OMIM:607398,increased glucocorticoid sensitivity
MESH:C536030,body mass index
OMIM:300000,OS
MESH:D016553,idiopathic thrombocytopenic purpura
OMIM:188030,ITP
MESH:D009080,KD
MESH:C536925,Wilcoxon-Mann-Whitney U
MESH:C536735,short gut syndrome
MESH:D020279,demyelinating disease of the central nervous system
MESH:D001471,Tumor epithelium
MESH:C537070,FSH
OMIM:270960,meiosis
MESH:D018207,angiomyolipoma xenograft tumours
MESH:D000754,Smoldering Myeloma
MESH:D000306,adrenocortical tumors
MESH:D000314,adrenal tumors
MESH:D020431,olfactory epithelium
MESH:D045169,acute respiratory syndrome
MESH:D055959,matrix degradation
MESH:D012678,sensory epithelia
MESH:D014402,tuberous sclerosis
MESH:D013964,thyroid cancer
MESH:D001195,asbestosis
MESH:C536211,CCA
MESH:C538054,aerobic glycolysis
MESH:D020261,arsenic exposure
MESH:C536227,early hematopoiesis
MESH:D003715,dengue infection
MESH:D010302,atherosclerotic lesions
MESH:D004379,duodenum
MESH:D052439,lipid disorder
MESH:D006937,hypercholesterolemia
MESH:D008193,Lyme disease
MESH:D020277,chronic inflammatory
MESH:D010580,Peutz-Jeghers syndrome
MESH:D006222,intestinal hamartomas
MESH:D005767,gastrointestinal and breast cancer1
MESH:D012021,decreased tumor latency
MESH:D019586,increased tumor
MESH:D017728,Anaplastic Large Cell Lymphomas
OMIM:300194,MR
MESH:D019973,related disorders
MESH:D059466,clinical abnormalities
OMIM:174500,PS
MESH:D010468,distance-weighted discrimination
MESH:C535314,three healthy volunteers
MESH:D007251,influenza A
MESH:D011014,S pneumoniae infection
MESH:D011023,S aureus infections
MESH:D020922,transcriptional start site
MESH:D007676,stage renal disease
MESH:D052177,hyperplastic-cystic remodelling of the kidneys
MESH:D017449,allergic contact dermatitis
MESH:C535474,ACD
MESH:D014314,autosomal trisomies
MESH:D013577,Edward syndrome
MESH:C536305,Patau syndrome
MESH:C538307,trisomy 18
MESH:C538675,novel immunodeficiency syndrome
MESH:C536780,primary immunodeficiency disorder
MESH:C536912,follicular thyroid carcinoma
MESH:D013966,thyroid tumor
MESH:D005155,facial tumors
OMIM:182900,HS
MESH:D017240,Mitochondrial Myopathy
MESH:D000756,Sideroblastic Anemia
OMIM:605429,nonsyndromic deafness
MESH:D006345,ventricular septal defect
MESH:D004310,VSD
MESH:C536394,hyperdiploid (H) and nonhyperdiploid (NH) MM
MESH:D014388,lymph-node negative breast cancer
MESH:D016111,NAD
MESH:D001855,bone marrow
OMIM:121210,Angiopoietin-1
MESH:D000152,acne lesions
MESH:D018219,Fibrous Histiocytoma
MESH:D018317,malignant peripheral nerve sheath tumor
MESH:D005871,Castleman’s disease
MESH:C537834,MCD
MESH:D010661,PAH
MESH:C537942,herepesvirus-8
OMIM:252500,ICD
MESH:D019150,neuroaxonal dystrophy
MESH:D000377,ER-positive BC
MESH:D006938,low-density microvascular differentiation array
MESH:D002532,intracranial arteries and intracranial aneurysms
MESH:D002357,distal femur fetal cartilage
OMIM:215140,skeletal dysplasias
MESH:D050171,dyslipidemia
MESH:D057049,thrombotic disorders
MESH:D020138,hyperhomocysteinemia
MESH:D000647,"comparison, disease state"
MESH:D009767,increased cardiovascular morbidity
MESH:D015535,psoriatic epidermis
MESH:D010033,defined media conditions
MESH:D008258,WaldenstrÖm’s macroglobulinemia
MESH:C538109,dorsal thalamus
MESH:D015448,B-cell leukemia
MESH:D015792,dysplasia
MESH:D018295,Basal-phenotype or basal-like breast cancers
OMIM:300842,basal-phenotype tumors
MESH:C535488,CK5/14-positive tumors
MESH:D004833,Temporal neocortex mesial temporal lobe epilepsy
MESH:D007021,hypospadias
MESH:C536769,XY
MESH:D006946,hyperinsulinemia
MESH:D014777,Respiratory Syncitial Virus
MESH:D017086,deficiency and beta-Thalassemia
MESH:D046351,heme deficiency
MESH:D013789,erythroid protoporphyria and β-thalassemia
MESH:D018241,SK-N-MC neuroepithelioma
MESH:D017439,hypertrophic scars
MESH:D000749,IGS
MESH:D009521,Newcastle Disease Virus
MESH:D001925,encephalopathy
MESH:C537589,hypersensitivity to ionizing radiation
MESH:D014355,Chagas disease
MESH:D052958,perineural cancer
MESH:C535326,HOS
MESH:D010020,osteonecrosis
MESH:D012598,radiolucency and sclerosis
MESH:D042882,gallstone disease
OMIM:108985,AA
MESH:D010981,Bayesian error-pooling approach
MESH:C537158,hypothalamic hamartomas
MESH:D006432,HH
OMIM:176400,central precocious puberty
MESH:D014694,decrease outflow facility of the eye
MESH:D005128,glaucomatous eyes
MESH:D006967,hypersensitivity to etoposide
MESH:D001523,pre-implantation genetic diagnosis
MESH:D009223,myotonic dystrophy
MESH:D005184,Fallopian tube carcinoma
MESH:D005185,Fallopian tube cancer
OMIM:612348,activation-induced cytidine deaminase
MESH:D004408,altered ECM turnover
MESH:D024182,segmental uniparental disomy
MESH:D014069,Microdissected tonsil and gingival epithelium
MESH:D017029,EC with complexity
MESH:C538324,Human epithelial cell line (HL) infected
MESH:D002690,Chlamydia
MESH:D007077,ileal mucosa
OMIM:605027,NHL
MESH:C531841,chronic inflamed
MESH:D055113,chronic periodontal disease
OMIM:613382,E2-supplemented tumors
MESH:C536315,pediatric tumor
MESH:C535377,PA
MESH:D056735,autoimmune lymphoproliferative syndrome
MESH:D009402,change nephrotic syndrome
MESH:D009404,nephrotic syndrome
MESH:D009401,nephrosis
MESH:D015433,membranous nephropathy
MESH:C535988,categories ‘chemotaxis
MESH:C536851,renal carcinoma
OMIM:611489,corticosteroid resistance
MESH:D056828,estrogen receptor negative tumors
MESH:C536594,"familial, early-onset BC"
MESH:D015417,Hereditary Motor and Sensory Neuropathies
MESH:C548028,inherited peripheral neuropathies
MESH:D002607,HMSN
MESH:D003711,demyelinating disorders
OMIM:604168,CCFDN
MESH:D012859,Sjogren's syndrome
MESH:D014849,Sojgren's syndrome
MESH:D003635,DE inhalation
MESH:C536991,circle of Willis
MESH:D018248,hepatocellular adenoma
MESH:D018268,Adrenocortical carcinoma
MESH:D004832,idiopathic absence epilepsies
OMIM:114450,vitro cancer
MESH:D017042,maternal diseases
MESH:D003317,Schwannian stromal
MESH:D018305,Ganglioneuroblastoma
MESH:D005729,Ganglioneuroma
OMIM:301220,cutaneous tumor
MESH:D008554,Acute Melioidosis
MESH:D006691,swine fever virus
MESH:D006480,acute hemorrhagic fever
MESH:D005359,MAS
MESH:D009783,industrial manufacturing standards
MESH:D009303,radioresistant nasopharyngeal cancer
MESH:D006332,cardiac hypertrophy
MESH:D027601,polyomavirus JCV
MESH:D005316,distress syndrome
MESH:D002833,Choroidal Vascular
MESH:D054514,retinal vasculature
MESH:D016891,renal cysts of autosomal dominant polycystic kidney disease
MESH:D029503,erythroid maturation
MESH:D002285,Areas of intraduct carcinoma
OMIM:250950,MG
OMIM:249500,autosomal recessive mental retardation
OMIM:610143,inherited and sporadic. total 62
MESH:D055031,graft dysfunction
MESH:D007088,beneficial effects
OMIM:144010,Comparison of 100
MESH:D020914,structural deficiencies
OMIM:600625,systemic healing deterrent
OMIM:608456,colorectal adenoma
MESH:D001847,bone disorders
MESH:D001851,metabolic bone disease
MESH:D014412,BK virus infection
MESH:D008831,microcephaly
MESH:D012772,Pediatric septic shock
MESH:D008232,Post-transplant lymphoproliferative disorders
MESH:C536181,ED
MESH:D012892,estrogen deprivation
MESH:D020751,anisomycin induced apoptosis
MESH:C537750,Oncocytoma Renal Cell Carcinomas
MESH:D018419,nonhuman primates
MESH:D001927,brain diseases
MESH:C537238,PM-MM probe pairs
MESH:D014897,Proximal spinal muscular atrophy
OMIM:608251,specific atrophy
MESH:D020966,atrophic
MESH:D002805,poly-articular type JIA
MESH:D004266,DNA-demethylation
OMIM:125370,HRS
MESH:C537243,aggressive prostate cancer
MESH:D058866,osteoporotic (OP) bone-related disease
MESH:D025981,surgery for total hip replacement
MESH:D018981,Congenital disorders of Glycosylation type-1
MESH:D000310,adrenal glomerulosa
OMIM:605711,mitochondrial dysfunction
MESH:D018908,muscle weakness
MESH:D012734,cardiomyogenic differentiation
MESH:D008992,Female Rhesus Monkey hypothalamic
MESH:D011656,Pulmonary emphysema
MESH:D007589,HIES
MESH:D060467,retinoid resistance
MESH:D049913,cortisol-producing adenomas
MESH:D011008,pneumococcal infection
MESH:D007806,and language disorders
MESH:D001997,bronchopulmonary dysplasia
OMIM:601675,flame retardants
MESH:D030342,hereditary disorders
MESH:D004476,ectodermal dysplasia
MESH:C536189,EEC syndrome
MESH:C538052,ADULT syndrome
MESH:C535847,AEC syndrome
OMIM:604273,ATP synthase deficiency
OMIM:604416,PAPA syndrome
MESH:D020512,Core binding factor
MESH:D041781,mechanism
MESH:D011230,precancerous lesions
MESH:D003147,melanoma-endothelial cell communication
MESH:D006561,Oncolytic herpes simplex viruses
MESH:D017599,neuroectodermal tumors
MESH:D000820,WT-infected animals
MESH:C538322,Wild type H
MESH:D008382,Background: Marfan syndrome
MESH:D000783,aneurysmal disease
MESH:C536830,vivo melanoma
MESH:D018227,melanoma - part 2
MESH:D016864,Li-Fraumeni syndrome tumors
MESH:D014917,Bordetella pertussis
MESH:C536103,Filamentous hemagglutinin
MESH:D012569,borderline tumors
MESH:D008209,chronic lymphedema
MESH:D020275,acute inflammatory conditions
MESH:D057765,eosinophilic esophagitis
MESH:C536108,N-dimethylnitrosoamine
MESH:D007340,insulinoma
MESH:D057873,periimplantitis
MESH:D008228,non-hodgkin’s lymphoma
MESH:D008878,auxiliary liver lobe
MESH:D018205,adipose tissue
MESH:C537777,farnesyltransferase inhibitors
OMIM:606407,homozygous deletion
MESH:D007333,insulin deficiency
MESH:D006943,hyperglycemia
MESH:D002817,chordoma
MESH:D006555,ventral tegmental area
MESH:D000542,hypersensitivity pneumonitis
MESH:D048909,ras-related associated with diabetes
MESH:D001014,aortic aneurysms
MESH:C536910,anaplastic thyroid carcinoma
OMIM:600630,UV
MESH:D038901,X-linked mental retardation
MESH:D010009,osteochondrodysplasias
MESH:D053713,azoospermia
MESH:D007248,male infertility
OMIM:613080,pigmented epidermis
MESH:D005334,hyperthermia
OMIM:233650,aqueous humor drainage
OMIM:606943,IG
MESH:D019294,CTX
MESH:D007805,language delay
MESH:D001342,embryonal tumour of the peripheral sympathetic nervous system
MESH:D049970,Graves’ ophthalmopathy
MESH:D009916,complex eye and orbital disorder
MESH:D046150,GH
MESH:D013967,thyroid autoimmunity
MESH:D020391,Facioscapulohumeral muscular dystrophy
OMIM:604219,autosomal dominant disorder
MESH:C537705,UP
MESH:D059413,intra-abdominal metastasis
MESH:D016410,Cutaneous T cell lymphoma
MESH:D002340,atherosclerotic vascular disease
OMIM:277300,Anomalies (ICF) syndrome
MESH:D008796,Comaprison between disease
MESH:C535516,typical leiomyomata
MESH:D020518,Focal Nodular Hyperplasia
MESH:D016606,Cirrhotic FNH-like Nodules
MESH:D008107,benign liver tumors
MESH:C537846,cirrhotic and FNH-like lesions
MESH:D013724,teratomas
MESH:D002276,classical midgut carcinoid primary tumors
MESH:D001064,Acute Appendicitis
MESH:D013001,somatic disorders
MESH:C538007,copy number variation
MESH:D000140,"lactic acidosis, the combination of hypoxia"
MESH:D058246,alternative pre-mRNA splicing
OMIM:611943,radiosensitive tumor
MESH:D018322,facial angiofibromas
MESH:D005350,periungual fibromas
MESH:D006450,endometrial SC
MESH:D012497,Loss of Parvin-beta
MESH:D014077,non-erosive reflux disease
MESH:C535942,Layer II stellate neurons
MESH:D054220,layer III cortical neurons
MESH:D007673,attenuate glomerular damage
MESH:D003638,deafness
MESH:C536711,acute self-limited vasculitis
MESH:D014808,Vitamin D
MESH:D015605,CoW
MESH:C538154,Forty five tumors
MESH:C536656,defined growth factors
MESH:D015456,lineage leukemia
MESH:D015430,MLL gain/amplification
MESH:D013968,granulomatous infection
MESH:D006099,granuloma
MESH:D008088,listeriosis
MESH:D009374,Experimental design: Banked NSCLC tumors
MESH:C538048,17p- tumors
MESH:D007972,oral leukoplakia
MESH:D014029,tobacco smoke
MESH:D059786,karyotypic abnormalities
MESH:D004683,equine encephalitis
MESH:D019588,aging disease
MESH:D005770,gastrointestinal cancers
MESH:D020191,hereditary factors may
MESH:D013801,North-east part of India
MESH:D002100,cachexia
MESH:C536141,LVM
MESH:D001024,hypertension and aortic stenosis
MESH:C536297,microdeletion syndrome
MESH:C557817,epilepsy and variable facial and digital dysmorphisms
MESH:D011218,Prader-Willi
MESH:D009208,tissue myoepitheliomas
MESH:D012466,tumor of the salivary glands
MESH:D008949,pleomorphic adenoma
MESH:C537374,multifocal lesions
MESH:D007822,larynx cancer
MESH:C537180,PKC
MESH:D020151,Protein Kinase C alpha
MESH:C538445,cancer cell invasive and metastatic ability
MESH:D017118,UPS
MESH:D049950,primary hyperparathyroidism
MESH:D010279,parathyroid tumour
MESH:D010510,periodontal health and disease
MESH:D000307,submucosal glands
OMIM:123100,CRS
MESH:D055589,renal grafts
MESH:D051799,delayed graft function
MESH:D008174,parasite infection
MESH:C538437,auto-immune disorders
OMIM:601606,EAC
MESH:D000208,Acute GVHD
MESH:C537491,acute GVHD following UCBT
OMIM:608852,endothelial function of the metabolic syndrome
MESH:D017034,Supplementary files
MESH:C536357,microcytic anemia
MESH:D049310,more distal
MESH:D005199,prostaglandin D2 synthase
MESH:D054066,LGL leukemia
MESH:D051437,renal failure
OMIM:235000,IH
MESH:D013280,oral mucositis
MESH:D014594,breast and uterine cancers
MESH:C535323,5q- syndrome
MESH:D009800,claudin-low tumors
MESH:C535330,LCS
MESH:D018246,adrenocortical adenomas
MESH:C535297,Respiratory Papillomatosis
MESH:D009378,synchronous lesions
MESH:D000292,adnexal serous carcinoma
MESH:D013927,thrombosis
OMIM:275120,release tumor
MESH:D006338,childhood tumors
MESH:D017541,false discovery rate
MESH:C536444,corneal epithelial
MESH:D001650,distal bile duct cancers
MESH:D009008,several abnormalities
MESH:D017772,amyloid-β accumulation
MESH:D013226,HPV status
MESH:D014390,meningeal tuberculosis
MESH:D001259,ataxia
MESH:D010554,tremendous economic and personal costs
MESH:D009207,Nocturnal home hemodialysis
MESH:D014511,augments uremia
MESH:D014615,vaccinia
MESH:D008310,Prader classification
MESH:D014842,von Willebrand
MESH:C538384,HPI
MESH:D006402,blood donors
MESH:C537160,HTS
MESH:D005067,high-throughput screening
MESH:C538275,APECED
MESH:D016884,polyendocrinopathy-candidiasis-ectodermal dystrophy
MESH:D017566,cardiac microvascular
MESH:C535530,Pegylated-interferon-alfa2b
MESH:D016543,Primary central nervous system (CNS) lymphoma
MESH:D006950,familial combined hyperlipidemia
MESH:D006961,hyperparathyroidism
MESH:D054559,hyperphosphatemia
MESH:D007592,osteoarthritic and rheumatoid joint diseases
MESH:D018335,Rhabdoid tumors
MESH:D018201,nephromas
MESH:D006461,intravascular hemolysis
OMIM:612718,nitric oxide (NO) and arginine bioavailability
MESH:C536013,Postmenopausal Woman
MESH:D014627,Vaginal atrophy
MESH:C535895,calpainopathy
MESH:D018805,pediatric meningococcal sepsis
MESH:D008589,meningococcal
MESH:D001250,exercise in both early
MESH:D056151,small airway epithelium
MESH:D018302,gliomatosis
MESH:D043183,irritable bowel syndrome
MESH:D010195,Pancreatic Tumor
MESH:D000699,insensitivity syndrome
MESH:D012600,scoliosis
MESH:D015354,diminished oscillatory amplitude
MESH:D015452,precursor B acute lymphoblastic leukemia
MESH:D018281,cholangiocarcinoma
MESH:D013167,ankylosing spondylitis
MESH:D018459,Lichen Planopilaris
OMIM:600698,LPP
MESH:D018202,PPB
MESH:D003699,gamma delta
MESH:D059266,osteonecrosis of the jaw
MESH:D015837,vestibular anomalies
MESH:D007759,inner ear malformations
MESH:D006319,congenital sensorineural hearing loss
MESH:D001948,ovary tumors
OMIM:612951,Cystic leukoencephalopathy
MESH:C537717,megalencephaly
OMIM:601869,autosomal-recessive syndrome
MESH:D014202,quasi-static encephalopathy
MESH:D013953,thymic tumors
MESH:D013945,MG-thymoma tumors
MESH:D018192,Lymphangioleiomyomatosis
MESH:D015615,cystic lung destruction
MESH:C535571,dose-proportionality
MESH:C537866,cross-validation
MESH:D017681,hypereosinophilic syndrome
MESH:D012174,recessive retinitis pigmentosa
MESH:D018249,Oncocytoma
MESH:D014406,Francisella tularensis
OMIM:601419,cardiomyocyte-specific myofibrillar components
MESH:D005234,hepatic steatosis and fatty liver
MESH:D007037,amiodarone-associated hypothyroidism
MESH:D006111,thyrotoxicosis
OMIM:275100,TSH
MESH:C536057,clonogenic lethality
MESH:D013984,sinensis infestation
MESH:D010927,placental insufficiency
MESH:D007744,obstetric challenge with perinatal complications
MESH:D019292,Model-based Algorithm for Promoter arrays
MESH:D019121,Burkholderia cepacia
MESH:D008216,lymphocytic choriomeningitis virus-strain WE
MESH:D018307,squamous cell lung cancer
MESH:D010214,PLS
MESH:D009784,PRC occupancy
MESH:D010871,Pineoblastoma
MESH:D000210,radial growth phase melanomas
MESH:D009508,common melanocytic nevi
OMIM:150270,LAP
MESH:D002813,Genomic profiling of chondrosarcoma
MESH:D004416,dysplastic stages
OMIM:610212,Cancer Research 66
MESH:D006984,muscle hypertrophy
MESH:D006323,cardiopulmonary bypass
MESH:C535509,extracellular matrix deposition
MESH:D006467,Hemophilia A
MESH:D011017,lipid homeostasis
MESH:D003111,colonic polyp tissue comparison
MESH:D006942,hypergammaglobulinemia
MESH:D012555,intensive care units
MESH:C538330,Hereditary Inclusion Body Myopathy
MESH:D007562,Creutzfeldt-Jacob disease
MESH:C537241,HPIV1-P
OMIM:201400,IAD
MESH:C536816,rim tumor
MESH:D016893,arterial plaque formation
OMIM:159595,TAM
MESH:D006828,complete hydatidiform moles
MESH:D015794,CHM
OMIM:605746,anisomastia
MESH:D019066,dysmorphic facies
MESH:D005831,gynecological disorder
MESH:D044342,Cancer and Nutrition
MESH:D004605,filarial infection
MESH:C535318,retinoid X
MESH:D003327,coronary heart disease
MESH:D061387,chlamydial infections
MESH:D008067,lipoma
MESH:D017074,ICOS deficiency
OMIM:304790,immunodeficiency and/or autoimmune disorder
MESH:D054219,malignant plasma
MESH:D012751,Sézary syndrome
MESH:D010235,SDHD-linked paragangliomas
MESH:D004802,eosinophilia
MESH:D006963,HCC over corresponding non-tumor
MESH:D014923,Wiskott-Aldrich syndrome
MESH:C536589,alternative splicing
MESH:D002296,carcinosarcoma
MESH:D055756,carcinomatous
MESH:D006973,hypertension
MESH:D001753,diagnostic leukemic blasts
MESH:D012148,IN
MESH:C537354,Normal cytokine inducer type
MESH:D019595,dengue shock syndrome
MESH:C535601,DSS
MESH:D020896,hypovolemic
MESH:D007762,Comparison of mouse placental labyrinth
MESH:D011225,preeclampsia
MESH:D059347,reno-vascular abnormalities
MESH:D008133,life-long latency
MESH:D013345,Aneurysmal subarachnoid hemorrhage
MESH:D004927,Enterohemorrhagic Escherichia coli
MESH:D006463,heamolytic uremic syndrome
MESH:C531700,HUS
MESH:D053842,microsatellite-stable tumors
MESH:D018234,Soft-Part Sarcoma
MESH:C537582,ehrlichial infection
MESH:D000386,ARC
MESH:D007238,infarct area
OMIM:606824,CFU-GM
MESH:D014060,oral tongue SCC
MESH:D013611,nodal disease
MESH:C538008,DM
MESH:D020315,latex-fruit syndrome
MESH:C531690,Dicer depletion
MESH:D005776,Gaucher disease
OMIM:610984,"complement, the inflammasome"
MESH:D013262,Stevens-Johnson syndrome
MESH:D004816,toxic epidermal necrolysis
MESH:D001929,CTL- or NK cell—mediated cytotoxicity
MESH:C536289,isolated syndrome
MESH:D004681,autoimmune encephalomyelitis
MESH:C531816,adenosine-dialdehyde
MESH:D019217,attrition of T
MESH:C535903,LMS
MESH:D004829,eicosanoid generation
MESH:D009134,Spinal muscular atrophy
MESH:D020739,inherited disease
MESH:D002546,ischemic attack
MESH:D005117,beating cardiomyocytes
MESH:C541083,non-alcoholic fatty liver disease
OMIM:105250,PCA
MESH:C538138,diabetic GK
MESH:D011906,Wistar rats
MESH:D055090,trachea epithelium
MESH:D014973,tendon xanthomas
MESH:D011488,ER-associated protein degradation
MESH:D010524,nerve tumors
MESH:D018318,Dermal and plexiform neurofibromas
MESH:D009455,Neurofibromas
MESH:C536203,neuro-ectodermal tumours
MESH:D018242,supratentorial PNET
MESH:D020288,choroid plexus papilloma
MESH:D019310,reactive hyperplasia
MESH:D008998,monoclonal gammopathy of undetermined significance
MESH:D050500,chronic pancreatitis
MESH:D010335,carcinogenic process
MESH:C535298,inherited red cell hypoplasia
MESH:D003922,IL-1Ra;Type 1 diabetes
MESH:D015673,disease-free interval after nephrectomy
MESH:D015493,HAM
MESH:D025242,Spondylarthropathy
MESH:D058747,CHARGE syndrome
MESH:C537946,sarcoma family tumors
MESH:C536489,IF
MESH:D006509,Hepatitis B virus
MESH:D017114,acute liver failure
MESH:D006391,angioma
MESH:D015466,chronic phase chronic myeloid leukemia
MESH:D000257,adenovirus infection
MESH:C535386,sensory neural deafness
MESH:D005221,underlie the fatigue syndrome
MESH:D005921,glomerulonephritis
MESH:C537245,ENHANCES PROLIFERATION AND DELAYS LOSS OF CHONDROGENIC POTENTIAL IN HUMAN ADULT
MESH:D001926,Donation after Brain Death
MESH:C536681,Micro-inflammation
MESH:C538319,d-IBS
MESH:D015324,PC
MESH:D005218,high fat diet
MESH:D045743,systemic ALK- and cutaneous ALK- ALCL
MESH:D017241,MELAS
MESH:C538496,Mitochondria
MESH:D005598,Spontaneous tumors
MESH:C537633,PTD
MESH:D002577,cervix carcinoma
MESH:D012257,riboflavin deficiency
MESH:D012141,respiratory infection
MESH:C537676,dynamic web atlas
MESH:C537735,Oculo-facio-cardio-dental syndrome
MESH:C537465,OFCD
MESH:D001656,biliary atresia
MESH:D005317,growth retardation
MESH:D018197,hepatoblastoma
MESH:D043202,cholesterol/steroid metabolism
MESH:D007625,FC plus rituximab
OMIM:139393,GBS infection
MESH:D006470,hemorrhagic
MESH:D005759,acute gastroenteritis
MESH:C537516,pleuropulmonary blastoma
MESH:D056128,subcutaneous and omental abdominal adipose tissue from non-obese and obese subjects
MESH:D054908,XDR-TB
MESH:D017562,cholecystectomy
MESH:C537136,FT-UMP
MESH:C535341,total thyroidectomy
MESH:D007827,laryngeal carcinoma
MESH:D004612,CC-like traits
MESH:D003924,Type 2 Diabetes Mellitus
MESH:C535997,double-blinded random crossover design
MESH:D006044,autologous intrathyroidal lymphocytes
MESH:D012793,radiosensitization of irradiated tumors
OMIM:609981,Natural killer T
MESH:D053632,IV
MESH:D014397,pulmonary tuberculosis
MESH:D008172,"papillomaviruses, and fungal infections"
MESH:D008231,B lymphocytopenia
MESH:C536801,telomere dysfunction
MESH:C535673,subtype of the disease
MESH:D006952,Broad defects
MESH:D001284,cerebral atrophy
MESH:C538560,reversal of disease
MESH:D008594,menopausal and nodal status
MESH:D012804,node-positive disease
MESH:D006646,Langerhans-cell histiocytosis
MESH:D018269,grade endometrioid carcinomas
MESH:C537112,MCL
MESH:D015465,aggressive myeloid leukemia
MESH:D012612,scrub typhus infected
MESH:C536385,Setleis Syndrome
MESH:C536554,absent eyelashes
MESH:C537068,facial dermal dysplasia
MESH:D017565,pulmonary sarcoidosis
OMIM:610227,FoxO-responsive DNA binding element
MESH:D054537,degree AV block
MESH:D006969,stress-mediated apoptosis
MESH:D055744,aspergilloma and invasive aspergillosis
MESH:D055397,ventilator induced lung injury
MESH:D057896,cyclic stretch
MESH:D007647,Bilirubin Encephalopathy
MESH:C535850,Shortened Airway Cilia
MESH:C536287,cilia length
MESH:D054549,arterial steady shear stress
MESH:C535460,Anderson Cancer
MESH:D014898,WRN
MESH:C536507,TD
MESH:D003409,Congenital hypothyroidism
OMIM:218700,thyroid dysgenesis
MESH:D002828,ectopic thyroid tissue
OMIM:255125,Combinatorial targeting of glycolysis
MESH:C535918,INV tumors
MESH:D006311,hearing or balance disorders
MESH:D004893,erythema nodosum leprosum
MESH:D015440,lepromatous leprosy
MESH:C536652,L-lep
MESH:D009370,histologically normal
OMIM:193235,PVR
MESH:D014657,vasculitis
MESH:D012376,rodent tumors
MESH:C536494,Uveal melanoma
MESH:D008311,class I tumors
MESH:C536314,Galton-Pearson
OMIM:223900,FD-iPSC
MESH:D019851,Venous Thrombosis
MESH:D056587,multisystemic immuno-inflammatory disorder
MESH:D018567,male breast cancer
MESH:D006177,male gynecomastia
MESH:D016483,AIDS-Related Lymphomas
MESH:D012652,breakdown of self-tolerance
MESH:C535434,denaturation analysis of methylation differences
MESH:C536572,marrow failure
MESH:C538001,IL-12
OMIM:242860,Variable Immunodeficiency
MESH:D016757,sudden cardiac death
MESH:D001145,arrhythmia
MESH:D057215,cardiac disfunctions
MESH:D019048,Prostatic Intraepithelial Neoplasia
OMIM:102700,ADA
MESH:D025861,inherited blood disorders
MESH:D016511,-Severe combined immunodeficiency
MESH:C536704,gross abnormalities
MESH:D007969,Periventricular leukomalacia
MESH:D003865,Major depressive disorder
MESH:D005235,non-alcoholic steatohepatitis
MESH:D019954,neurobehavioral disorder
MESH:D001946,antigen-presenting cells
MESH:D019962,attachment areas
MESH:D003925,diabetic vascular disease
MESH:D003117,blue eye color
MESH:D017889,pseudoexfoliation syndrome
MESH:D000182,ectopic ACTH syndrome
MESH:C531600,excessive hormone disorders
MESH:D016115,KRAS mutant tumors
MESH:D058527,enteropathy associated T cell lymphoma
MESH:D013281,aphthous stomatitis
MESH:D010612,pharyngitis
MESH:D008199,adenitis
MESH:D056660,hereditary autoinflammatory diseases
MESH:C537436,aromatase inhibitors
MESH:D000881,anthrax edema toxin
MESH:D004487,Antrhax Edema
MESH:D001100,arachnoidal
MESH:D017043,meibomian gland dysfunction
MESH:D004374,PDA
MESH:D001882,centromeric and telomeric amplicon borders
MESH:D014605,uveitis
MESH:D010004,Pachydermoperiostosis
OMIM:259100,PDP
MESH:D005119,diagnostic tumor
MESH:D018149,glucose intolerance
MESH:D020786,CCM
MESH:D007966,MLD
MESH:D000796,benign hyperplastic lesions
MESH:D000347,fibrinogen-induced arthritis
MESH:D003449,Cryoglobulinemia
OMIM:614129,benign hyperplasia and 81% of cancer
MESH:D018267,prostatic ductal/acinar architecture
MESH:D003072,pediatric cognitive disorder
MESH:C536938,umbilical cord units
MESH:C535856,associated heart malformation
MESH:D011087,essential thrombocythemia and polycythemia vera
MESH:D055728,myelofibrosis
MESH:C535409,sodium lauryl sulphate
MESH:D001008,anxiety
MESH:C538139,SI
MESH:D010262,deviation value
MESH:D009449,governmental advocacy efforts
MESH:D018512,parasitemia
MESH:C536928,deficient MMR (dMMR) colon tumor
MESH:D009456,Haploinsufficiency of NF1
MESH:C536761,high viral loads
MESH:D000231,papillary serous ovarian adenocarcinomas
MESH:C538667,NUT midline carcinoma
OMIM:277440,hypocalcemic
MESH:D010282,parathyroid adenomas
MESH:D058490,male epididymis
MESH:D006934,hypercalcemia
MESH:D012640,visualize and mine complex cancer
MESH:D058887,Intrinsic Pontine Glioma
MESH:D015362,children’s disease
MESH:D000505,androgenetic alopecia
MESH:D007713,XX
MESH:D014890,Wegener’s granulomatosis
MESH:D008881,MA-PGD
MESH:D016640,injured tubular epithelium of the later gestation kidneys
MESH:C537627,HMS
MESH:C535376,cornea
MESH:D002102,cadaver eyes
MESH:D016532,Hunter-Gatherer
MESH:D000844,ankylosis
MESH:D054556,Venous Thromboembolism
MESH:D016736,antiphospholipid syndrome
MESH:D011004,Patterson AP
MESH:D018455,Volinia S
MESH:D012220,rhinitis
MESH:D001816,Werner and Bloom syndromes
MESH:C535773,PGS
MESH:D020964,mosaic euploid embryos
MESH:D016584,fatal heart attacks
MESH:D025063,autosomal recessive disorder
MESH:D013684,telangiectasias
MESH:D004405,bacillary dysentery and hemorrhagic colitis
OMIM:220110,COX-2
MESH:D054058,acute coronary syndrome
MESH:D012421,acute plaque rupture
MESH:D018237,germinoma
OMIM:128100,DYT1 dystonia
MESH:C537022,autosomal-dominantly inherited movement disorder
MESH:C536671,metabolic deterioration
OMIM:601286,PCC
MESH:C548666,Mendelian disorders
MESH:D014929,Wolfram syndrome
MESH:D011115,inherited immunodeficiency
MESH:D005585,Avian influenza
MESH:D058226,atheromatous
MESH:D001167,arterial hypertension show biomarkers of inflammation
OMIM:268150,RH
MESH:D006547,recurrent incisional hernia
MESH:D002288,papillary-mucinous neoplasm
MESH:D015208,inhaled tobacco smoke
MESH:D007235,MLL-r infant leukemia
MESH:D009625,aggressive lung carci-nomas
MESH:D010859,Golabi-Ito-Hall (GIH) syndrome
MESH:D059445,physical deformations
MESH:D016080,temporal fossa arachnoid cysts
MESH:D003866,Depressive Disorder
MESH:C537348,DAVID
MESH:D015161,angiogenic and multi-organ metastatic tumors
OMIM:608013,perinatal diseases
MESH:D006330,heart defects
MESH:D019052,postnatal growth retardation
MESH:D004630,emerging syndrome
MESH:C535436,Bethlem myopathy
MESH:C537521,Ullrich congenital muscular dystrophy
MESH:C536876,precursors generating compact spheroid colonies
MESH:D006976,PHT
OMIM:147050,basic tumor
MESH:D006009,AMD
MESH:D020961,incidental Lewy body (ILB) disease
MESH:D018196,adenocarcinoma (AC) and adenosquamous carcinomas
MESH:C535922,ophthalmic disease
MESH:C538011,obliterative vascular lesions
MESH:C538347,RF-polyarticular
MESH:D003294,fitness
MESH:D014689,chronic cerebrospinal venous insufficiency
MESH:D018410,bacterial pneumonia
MESH:D014141,trachoma
MESH:D015817,ocular disease
MESH:D044542,LEOPARD Syndrome
MESH:D007970,leukopenia
MESH:D008581,meningitis
MESH:D006483,septicaemia
MESH:D001996,bronchopneumonia endocarditis
MESH:C536058,Carbonic anhydrase IX
MESH:D009400,Nephrosclerosis
MESH:C548012,diploid fibroblasts
MESH:C537247,juvenile hemochromatosis
MESH:D019190,iron overload disorder
OMIM:252011,Polycomb Repressive Complex 2
MESH:D002971,lip/cleft palate
MESH:D020167,catalyze lysine demethylation
OMIM:607932,developmental anomalies
MESH:D018231,hereditary leiomyomatosis
MESH:D015835,invasiveness and motility
MESH:C535655,tumor and normal mucosa samples
OMIM:606719,Melanoma Cancer
MESH:D018208,myxoid/round-cell liposarcomas
MESH:D006259,superficial disease
MESH:D007718,total knee arthroplasty
MESH:D016108,dystrophic mice
MESH:D004409,Military Medical University
MESH:D040701,stress disorder
MESH:D007952,and plasma cell leukemia
MESH:D005600,Fragile-X
MESH:D008181,lupus nephritis
MESH:D015173,supratentorial tumours
MESH:C537268,formaldehyde
MESH:D013119,spinal cord injury
MESH:D001930,brain injury
OMIM:267700,familial hemophagocytic lymphohistiocytosis
OMIM:146850,IS
OMIM:602081,speech and language deficits
MESH:D020423,median leukemia
MESH:D054880,AGA
MESH:D009290,Narcolepsy with Cataplexy
MESH:D024821,NRLCP-related dysmetabolic syndrome
MESH:D055111,non-failing and failing myocardium
MESH:D009471,ventricular assist devices
MESH:C535807,next generation sequencing
MESH:D020425,radial glia
MESH:D015821,mycosis
MESH:D001037,global hypomethylation
MESH:D016738,Alagille Syndrome
MESH:C538387,tumor-associated copy number abnormalities
MESH:D020967,Myotonic dystrophes
MESH:D016638,Critical disease
MESH:D017544,abdominal aortic aneurysms
OMIM:100070,AAA
MESH:D058249,BHD Syndrome
MESH:C535280,saline or cortisol infusion
MESH:D010514,systemic dispersal via ulcerated periodontal pocket epithelium
MESH:C536447,i.e.
MESH:D054437,myelodysplastic/myeloproliferative neoplasms
MESH:C537821,Abnormalities of chromosome 7q
MESH:D010013,osteogenesis imperfecta
MESH:C535546,imperfect complementarity
OMIM:145500,essential for viability
MESH:C538258,X-linked alpha thalassemia mental retardation
MESH:D014564,urogenital abnormalities
MESH:D017085,alpha-thalassemia
MESH:C536384,"face, trunk and plamoplantar skin"
MESH:D003616,Walker A
MESH:D004671,arthropods
MESH:D004890,minimal erythema dose
MESH:C538037,maternal uniparental disomy of chromosome 15
MESH:C536987,aneuploidy (MVA)
MESH:D009472,neuronal ceroid lipofuscinosis
MESH:D011596,psychomotor deterioration
MESH:C537949,CLN3
MESH:C536144,renal transplant Tolerance
MESH:D018235,adaptive weights smoothing
MESH:D053627,asthenozoospermia
MESH:D015266,Merkel cell carcinoma
OMIM:309200,MDI
MESH:D015228,hypertriglyceridemia
MESH:D004827,epilepsy
MESH:D014424,X Turner syndrome
MESH:D003103,autoimmune uveoretinitis
MESH:C536827,multiple tumors
MESH:D031845,multicentric carcinogenesis
MESH:D017092,CEP
MESH:D013615,SA
MESH:D034062,fatal disease
MESH:D002812,Comparison of enchondromas
MESH:D004687,Ollier disease
MESH:D017492,seborrheic keratosis
MESH:D001072,DRESS
MESH:D004482,mouse lymphomas
MESH:D020158,GCE
MESH:D009084,Sanfilippo syndrome type B
MESH:C537492,AOM
MESH:D002524,cerebellar ataxia
MESH:D012035,Refsum-like disorder
MESH:D010523,peripheral nervous systems and the eye
MESH:D007922,leptospirosis
MESH:C535689,LSS
OMIM:244400,ICS
MESH:D017699,pelvic pain and unexplained infertility
MESH:D016464,Lysosomal Storage Disorders
MESH:D019964,mood disorder
OMIM:312870,dysmorphia
MESH:D001289,attention deficit hyperactivity disorder
MESH:D060831,Systemic chemotherapy inflicts
MESH:C536905,thymic epithelial tumors
MESH:D009298,Nasal Polyps
OMIM:603034,EAD
MESH:D011778,Coxiella burnetii NMII
MESH:C536390,DBS
MESH:C536677,SVD
MESH:D010390,cicatricial disease
MESH:D005356,fibrosing disorder
MESH:C531613,Entamoeba histolytica colitis
MESH:C535838,pancreatic islet disorders
MESH:D011128,cauda epididymidis
MESH:D003333,CVS
MESH:D002177,mucosal candidiasis
OMIM:115080,cardiac defect
MESH:D000309,thymic hypofunction
MESH:D015175,prolactinomas
OMIM:607258,immunodeficiency and defective lipid absorption
MESH:D018636,hypoplastic left heart syndrome
OMIM:300845,KB
MESH:D020752,hair shaft and sheaths
MESH:D020274,Systemic Autoimmune disease
MESH:D009959,oropharyngeal tumors
OMIM:108770,cardiac conduction disturbances
MESH:D045908,Monkeypox or Vaccinia virus
MESH:D019142,"virus, Vaccinia virus, or Ebola virus"
MESH:D000686,AL Amyloidosis
MESH:D011655,Acute pulmonary embolism
MESH:D014523,urethra
MESH:D012140,tract tumors
MESH:D016114,STS
MESH:D007918,Human leprosy
MESH:C535600,CNS dopamine deficiency
MESH:D007926,deficiency of the housekeeping purine salvage function hypoxanthine guanine phospho- ribosyltransferase
MESH:D009442,schwannomas
MESH:D009464,vestibular schwannomas
MESH:D016574,pdmH1N1 or seasonal H1N1 virus
MESH:C535989,Davis davisc
MESH:C537931,pan-Microbial Detection Array
MESH:D016731,Annexin-V
MESH:D012030,error deficient
MESH:D020969,attributes of tumor
MESH:D054508,acute radiation syndrome
MESH:D009371,differentially methylated DNA sites
MESH:C535554,obesity-associated metabolic disturbances
MESH:C535684,limbal-peripheral corneal (LPC) epithelia
MESH:C535390,Aspergillus
MESH:D006527,Wilson’s disease
MESH:D004830,major vascular insults
OMIM:219080,AIMAH
MESH:D019553,ALK inhibitor CH5424802-treated NCI-H2228 xenograft tumors
MESH:C535959,MP
MESH:D002925,ciliary dyskinesia
MESH:D013224,asthmatic donors
MESH:D001442,Bacteroides fragilis
OMIM:613011,EBV-positive Hodgkin lymphomas and posttransplantation lymphoproliferative disease
OMIM:263400,VHL-dependent degradation during hypoxia
MESH:D020165,CPS
OMIM:611630,mesial temporal sclerosis
MESH:C535808,MTS
MESH:D003456,unilateral cryptorchidism
MESH:D005935,tumor cell viability
MESH:C536092,Mycobacterium tuberculosis infection
MESH:D015192,infratentorial tumors
MESH:D015477,chronic myelomonocytic leukaemia
MESH:C536663,DBP
MESH:D053098,HYP
MESH:D007022,diastolic blood pressure
MESH:D001606,platelet signaling
MESH:C537791,malignant bone tumors of the axial skeleton
OMIM:612260,MyD88 deficiencies
MESH:C537916,unusual disease
MESH:D016066,malignant pleural effusion
MESH:D005705,San Antonio Family Diabetes/Gallbladder study
MESH:D006712,CBS
MESH:D060085,Co-infection
MESH:D018253,Distal placental villous tissue
OMIM:601186,PMD
MESH:D006948,hyperactivity
MESH:D014085,corneal epithelial cell migration
MESH:D019694,Chronic hepatitis B virus
MESH:D052256,Human Tendinopathy
MESH:D013708,Chronic tendon injuries
MESH:D016301,alveolar bone
MESH:C535464,idiopathic conotruncal defects
MESH:D013118,myelopathy
MESH:D058070,HTLV-1 asymptomatic carriers
MESH:D001018,aortic intima-media
MESH:D004410,open reading frame
OMIM:252600,stage IIIA
OMIM:608957,CD8 T
MESH:C536832,glutamine synthetase
MESH:D020295,“stemness
OMIM:310440,autophagy
MESH:C538614,sporadic type 2 papillary renal cell carcinoma
MESH:D039141,OPMD
MESH:D008457,type measles virus infection
MESH:C537267,LMD
MESH:C538155,v-myb myeloblastosis
MESH:D014987,vaginal dryness
MESH:D058225,Complement C4 deposition
MESH:C535780,SCT
MESH:D013352,subcutaneous tumors
MESH:C537440,infantile arterial calcification
MESH:D016778,Plasmodium falciparum infection
MESH:D009376,hormone-dependent cancers
MESH:D016603,eosinophilia myalgia syndrome
MESH:D011000,myalgias
MESH:D007006,hypogonadism
MESH:D007018,hypopituitarism
MESH:D023521,Chlamydophila
MESH:D058729,Peripheral arterial disease
MESH:D020521,"stroke, ataxia"
MESH:D058426,gastric tumor formation
MESH:D020241,western lowland gorilla
MESH:D016726,inflammatory lung dammage
MESH:C535584,oncocytic carcinomas
MESH:D018276,medullary carcinomas
MESH:C537734,FU-MMT-1
MESH:D007948,acute monocytic leukemia
MESH:D058495,Sotos syndrome
OMIM:252605,stage IIIC tumors
MESH:D006475,parental and newborn traits
MESH:D008546,B16-OVA melanoma tumors
MESH:D001862,myeloma-induced osteoclast formation and bone disease
MESH:D005757,atrophic gastritis
MESH:D005383,Combinatorial libraries of artificial zinc-finger transcription
MESH:D002388,catastrophic
MESH:D013580,dopamine receptor dysfunction
MESH:D014095,impacts
MESH:D018243,F9 teratocarcinoma
MESH:C536683,anticoagulant heparin-like compounds
OMIM:212067,Lewis-x-like L5 carbohydrate
MESH:D029481,chronic bronchitis
MESH:D009360,Circulating Tumor
MESH:D029461,SD
MESH:D054160,Systolic BP
MESH:D006417,Promoting Hematuria
MESH:D005922,IgA Nephropathy
OMIM:146350,HBD
MESH:C535694,MH
MESH:C538301,12p abnormalities
MESH:C536397,lupus T
MESH:D009845,oligozoospermia
MESH:C535759,EA
MESH:D034801,mastocytoma
OMIM:267430,various renal tubular epithelia
MESH:D008060,lipodystrophy
MESH:C536414,HP1 gamma
MESH:D050805,Multiple displacement amplification
MESH:D012163,retinal detachment
MESH:D010538,tumor sphere formation and increased peritoneal dissemination
OMIM:313000,neurocognitive disorders
MESH:D006679,HIV-positive
MESH:D055963,NSAID
MESH:D002472,MET-transformed human primary osteoblasts
MESH:D016110,epidermolysis bullosa simplex
MESH:C535961,EBS
MESH:C536815,TMD
MESH:C536597,familial Alzheimer's disease
MESH:D014845,vulvar carcinoma
MESH:C537799,overrepresented GO Cellular Component
MESH:C536522,autophagic degradation
MESH:D054243,vesicular stomatitis
MESH:D007964,leukocytosis
MESH:D000138,acidosis
MESH:D001506,Beckwith-Wiedemann
MESH:D056730,Silver-Russell syndrome
MESH:D001308,Comprehensive tumor
MESH:C537340,Simpson-Golabi-Behmel syndrome
MESH:D006519,Alcoholic Hepatitis
MESH:D007039,AH
MESH:D008108,alcoholic liver disease
MESH:D004701,endocrine resistant breast cancer
MESH:D007516,CpG islands
MESH:D014435,typhoid fever
MESH:D002769,cholelithiasis
MESH:D002779,cholestasis
MESH:D001304,central disease
MESH:D003123,hereditary nonpolyposis colorectal cancer
OMIM:606482,DI
MESH:C536316,acral melanoma
MESH:D015352,dry eye disease
MESH:C535682,right atria
MESH:D008946,mitral valve disease
MESH:D017099,reference to dengue virus IgG
MESH:D003763,vascular leakage
MESH:D013921,thrombocytopenia
MESH:D003015,Clostridium difficile disease
MESH:D006627,Hirschsprung disease
MESH:D006525,viral hepatitis
MESH:D010001,PDB
MESH:D000789,unstable angina
MESH:D004696,Infective Endocarditis
MESH:C536488,IE
OMIM:610090,Prime T
MESH:C537437,aromatic hydrocarbons
MESH:C536913,distinct thyroid neoplasias
MESH:D058617,breast tissue composition
MESH:D018291,mucinous cystadenoma
MESH:D006849,carcinoma-ex-IPMN
MESH:D004401,Whole genome scanning of lung tumors
OMIM:611377,B2 tumors
MESH:D057092,geographic atrophy
MESH:C536833,GA
MESH:D001724,normal birth weight
MESH:D016643,bovine spongiform encephalopathies
MESH:D019571,arrhythmogenic right ventricular cardiomyopathy
MESH:D058502,TAS
OMIM:268100,enhancer-promoter
OMIM:145410,BBB
MESH:D016269,human milk oligosacharides
MESH:D008178,cutaneous lupus erythematosus
OMIM:603896,CLE
MESH:D000532,altitude polycythemia
MESH:D011086,polycythemia
MESH:C536351,hepatic steatosis
MESH:D002873,fragility fractures
OMIM:602482,cleavage of IL-1beta
MESH:C535853,congenital cardiac anomaly
OMIM:109730,BAV
MESH:D053717,ventilator-associated pneumonia
MESH:C537339,oculo-cranio-facial-dental
MESH:D005879,Tourette syndrome
MESH:D010520,PPP
MESH:C536764,DHS
MESH:D004195,modeling disease
MESH:D014901,WNV
MESH:D006394,canine hemangiosarcoma
MESH:C535440,BCD
MESH:D008587,Viral meningitis
MESH:D016920,bacterial meningitis
OMIM:167320,IBMPFD
MESH:C537346,renal mesangial cells
MESH:D001924,severe dysplasia
OMIM:613216,Autosomal recessive complete human HOIL-1/RBCK1 deficiency
MESH:D016773,new disorder
MESH:D006011,muscular amylopectinosis
OMIM:103600,ALB
MESH:D020754,ADCA
MESH:D011618,psychosis
OMIM:613557,82 lung carcinomas
MESH:D006944,hyperglycemic
MESH:D014565,genitourinary cancers
MESH:D014820,periphery of vitiligo lesions
MESH:D003537,cystadenoma
MESH:D000169,acrodermatitis
OMIM:607485,GRN-deficiency
MESH:D010272,filarial parasite
MESH:D020734,neurodegenerative parkinsonian syndromes
MESH:D019578,system atrophy
MESH:C537381,MSA
MESH:D013494,PSP
MESH:D002972,cleft palate
MESH:D005156,craniofacial clefting syndrome
MESH:C535533,intrahepatic cholangiocarcinomas
MESH:C531673,intracranial ependymoma
MESH:D000856,AN
MESH:D057767,Kashin-Beck disease
MESH:D004381,duodenal ulcer disease
MESH:D009668,nasal SCC
MESH:D004420,dystocia
OMIM:215600,ICC
OMIM:608445,SSD
MESH:D012851,sinus disorders
MESH:D009383,tumor vessel density
MESH:D013585,synovitis
OMIM:303900,CBP
MESH:D051642,histiocytoma (MFH) tumors
MESH:D006504,oxaliplatin-associated sinusoidal dilatation
MESH:C536788,BGS
MESH:D009006,monosomy X
MESH:C535332,other abnormalities
MESH:D020244,MCA/MR syndrome
MESH:D020925,hypoxic-ischemic episodes
MESH:D009393,Nephritis
MESH:D013661,TSD
MESH:D008105,tissue-specific destruction
MESH:C536076,craniofacial dysmorphic features
MESH:C537327,short insert
OMIM:311510,WSN infection
MESH:C537060,molecular taxonomy
OMIM:300244,terminal globular domains
MESH:C536614,AMC
MESH:C535590,pneumopathy
MESH:D013610,ventricular tachyarrhythmias
MESH:C535395,LA
MESH:D014786,postoperative day
OMIM:300337,IPA
MESH:D058606,Ingenuity Pathway Analysis
MESH:D005597,Organophosphorus compounds induce cardiotoxicity
MESH:C531629,coli infection
MESH:C535670,multiply exposed uninfected individuals
MESH:D004200,monozygotic twins discordant
MESH:C537797,cutaneous lesions
MESH:D007896,mucosal leishmaniasis
MESH:C537366,ML
MESH:C537466,MLS
MESH:C536555,LGS
MESH:D006975,Portal Tracts
MESH:D019698,Chronic hepatitis C virus
MESH:D007835,Lassa fever
OMIM:266500,Classical disease
OMIM:610489,pigmented nodular adrenocortical disease
MESH:D006933,deficiency underlies human Rotor syndrome
MESH:D006932,hyperbilirubinemia
OMIM:607426,coenzyme Q deficiency
MESH:D004062,DGS
MESH:D057177,proteinopathy
MESH:D058625,stage of liver disease
MESH:D004556,functional electrical stimulation
MESH:D010014,osteolysis
MESH:D009217,myosarcoma
MESH:D054318,flow cytometry
MESH:D058496,SMS
MESH:D001005,anal carcinoma
MESH:D060426,non-steroidal anti-inflammatory drug
MESH:D019446,subacute endotoxemia
MESH:D000326,childhood cerebral adrenoleukodystrophy
MESH:C537883,rhabdomyosarcoma and 1 extra-renal rhabdoid tumour
OMIM:606215,atrioventricular septal defect
MESH:D006344,atrial septal defect + ventricular septal defect
MESH:D058545,inhaled corticosteroids
MESH:C536563,PSD
MESH:D020294,postsynaptic density
MESH:D005512,paediatric food allergy
OMIM:608189,TCP
MESH:D020208,chronic injury
MESH:D015490,HTLV-1
MESH:C536133,MES
MESH:D046728,microscopic disease
MESH:C536897,oedema
MESH:D007635,myeloid dendritic
MESH:D002145,normolipidemic corn oil group
MESH:D005393,dyslipidemic fish oil group
MESH:D009349,nematodes
MESH:D004403,diarrheal diseases
MESH:D000562,amebiasis
MESH:D006008,AND HIGH-THROUGHPUT SEQUENCING ANALYSES OF THE COMMONLY DELETED REGION IN CHROMOSOME 7q32 IN
MESH:C536470,uniparental disomy of chromosome 7q
MESH:D006987,reduced cell viability
MESH:D016369,basalis layer remains
MESH:D004412,menstrual endometrium
MESH:D009395,kidney tubulointerstitial fibrosis
MESH:D009100,combined hepatocholangiocarcinomas
OMIM:203400,erythroleukemic cells deficient
MESH:C537881,LCD
MESH:C537880,stearoyl-CoA desaturase
MESH:D000419,albuminuria
MESH:D013771,TOF
MESH:D018306,neurocytomas
MESH:C537963,calvarial healing
OMIM:165800,OD
MESH:C535501,oligomerization domain
MESH:C535884,osteoblasts and articular chondrocytes
MESH:C536629,SIOD
MESH:C537531,SBS
MESH:C536198,VIA
OMIM:129900,EEC
OMIM:181030,PSA-/lo prostate cancer
MESH:C537720,macrodactyly
MESH:D016583,Bovine leukemia
OMIM:611521,tyrosine kinase domain
OMIM:217000,deficient of integral niche components
MESH:D012872,autophagy and vesicular trafficking
MESH:C535901,LGMD2D
MESH:C536335,osteolytic malignancy
MESH:D012625,sebaceous gland hyperplasia
MESH:D016411,peripheral T cell lymphoma
MESH:D018277,Mucoepidermoid Carcinomas
MESH:D004814,epidermal injury
MESH:D004820,Epidermolysis bullosa
MESH:D011696,thrombocytopenic purpura TTP
MESH:D004932,gastric/esophageal tumors
MESH:D001660,Biliary tract carcinoma
MESH:C537239,moderately
MESH:C536353,very early disease
MESH:D002169,Campylobacter jejuni infection
MESH:C537655,differentiate under basal conditions without FGF
MESH:C538164,multiple congenital malformations
MESH:D000568,hypotalamic amenorrhea
MESH:D010265,plasma cell dyscrasias
MESH:C538009,Myotonic Dystrophy type 2
OMIM:168601,autosomal dominant disease
MESH:D009503,neutropenia
MESH:D020018,psychological disorders
MESH:D019965,organ atrophy
MESH:C536050,OGD
MESH:D050031,HT
MESH:D010000,abnormal bone remodelling during inflammation
MESH:D013479,inferior vena cava
MESH:D014606,acute anterior uveitis
MESH:D014735,Vibrio cholerae infection
MESH:D013651,Abnormal metal accumulation
MESH:D020278,autoimmune demyelination
MESH:D011273,prolonged wakefulness
MESH:D010182,benign pancreatic/peripancreatic diseases
OMIM:226600,RDEB cancer
MESH:C537295,systemic granulomatous syndrome
MESH:C537629,IR of the syndrome
OMIM:304500,X-linked CNV burden
OMIM:260300,pyramidal cell dysfunction
MESH:D012811,sigmoid cancers
MESH:D007057,ichthyosis
MESH:D012628,seborrheic dermatitis
MESH:D000137,Allelic imbalance
MESH:D000312,AHC
MESH:D015211,CHR
MESH:D018771,arthralgia
OMIM:163000,minimal peritubular capillary
OMIM:203650,AMR
MESH:D012131,chronic respiratory failure
MESH:D006566,Sarcoma-Associated Herpesvirus
MESH:D018126,odontogenic tumours
MESH:D009807,keratocystic odontogenic tumour
OMIM:257910,OPC
MESH:D017676,oral lichen planus
MESH:D001039,gene expression profiling
MESH:C535523,infantile-onset
MESH:D002821,chorioamnionitis
MESH:D014647,Acute experimental venous hypertension
MESH:D009894,Opportunistic oral infections
MESH:D055947,Loeys-Dietz syndrome
MESH:D003240,connective tissue disorder
MESH:C536590,Capillary Dysplasia
MESH:D059350,widespread field defect
OMIM:146820,synthetic lethality
MESH:C536512,very poor prognosis tumors
MESH:D053120,high content analysis
MESH:D001661,biliary cancers
MESH:D008375,MSUD
OMIM:125851,ADP-glucokinase
MESH:D016649,ovarian insufficiency
OMIM:300624,FRAGILE X-MENTAL RETARDATION 1
OMIM:610926,HE
OMIM:300831,CK-AML
MESH:D034141,hypoalbuminemia
MESH:D052497,congenital generalized lipodystrophy
MESH:D002551,intraventricular hemorrhage
MESH:D006106,granulosa cell tumours
MESH:D020162,type or arginase-deficient
MESH:C538285,CCV
MESH:D005368,filariasis
OMIM:116920,LAD
OMIM:613606,FWS
MESH:C535761,congenital nephrotic syndrome
MESH:D020766,characteristic tumor emboli
MESH:D001134,aRMS
MESH:D001859,cancer bone metastasis
MESH:C538399,NEMO-deficient
MESH:D018467,auto-inflammatory disorders
MESH:D012769,circulatory disorders
MESH:C536395,primary infection with herpes simplex virus 1
MESH:C536956,frontal temporal dementia
MESH:C536428,Kruskal-Wallis
MESH:D011697,TTP
MESH:D060050,stable disease
MESH:D017674,hypophosphatemia
MESH:D007008,hypokalemia
MESH:D055370,lung injury
MESH:D016063,Surgical glaucoma
MESH:D015422,choroidea and sclera
MESH:D013915,GP
MESH:D013683,hereditary hemorrhagic telangiectasia
MESH:D018630,Proliferative Vitreoretinopathy
MESH:D013166,undifferentiated spondylitis
MESH:D057045,gastric aspirate
MESH:D010939,medicinal plant Aglaia
MESH:D060737,Chlamydia trachomatis genital tract infection
MESH:D055191,hyperinsulinemic-euglycemic clamp procedure
MESH:D020511,bronchoalveolar junction
MESH:C538293,Uniparental disomy/polysomy of 11p
MESH:D056829,type I or type II IFN
MESH:D001988,Bronchiolitis
MESH:C535953,pustular folliculitis
MESH:D009264,nails abnormalities
MESH:D055953,microscopic polyangiitis
MESH:D001161,Arteriosclerosis
MESH:D010026,osteosclerosis
MESH:D006501,hepatic encephalopathy
MESH:C536258,Alkaline phosphatase
MESH:D002781,cholesteatomas
MESH:C537090,A3 degradation
MESH:D005157,orofacial primordia
MESH:C536503,facial features
MESH:C536777,systemic candidiasis
MESH:C537170,"epigastric, visceral"
MESH:D005134,cancer of the eye
MESH:D009304,Chronic Nasopharyngitis
MESH:D012983,variety of soft-tissue neoplasms
MESH:D008325,supplemented experimental mammary tumours
MESH:D015868,substantia nigra pars compacta
MESH:D009105,arteriovenous EC identity
MESH:D019846,areflexia
MESH:C536122,congenital stationary night blindness
MESH:D002543,intracerebral hemorrhage
MESH:D003095,collagen VI deficiency
MESH:D004421,dystonia
MESH:D020805,CNS infection
MESH:C536041,Fibrogenesis imperfecta
MESH:D010018,osteomalacia
MESH:D020179,Losser’s zone
MESH:D018213,bony deformity
OMIM:206200,renal tubular handling
OMIM:307700,abnormality in the thyroid or parathyroid glands
MESH:D010017,osteoid like areas
MESH:D009050,fluorosis
MESH:D057130,Leber congenital amaurosis
MESH:C536600,LCA
MESH:D057129,endothelial layer instead of full thickness cornea
MESH:D005923,nondiabetic
MESH:D005878,Arias EB
MESH:D002313,caloric restriction and retards
MESH:C538565,diabetes and classical type 1A
MESH:C536560,CDS
MESH:D054019,immune reconstitution inflammatory syndrome
MESH:C535538,IRIS
MESH:D020765,“disorder of artery
MESH:D002796,Interplay of choline metabolites
MESH:D003788,human dental pulp
MESH:D014983,XPD
MESH:C536561,FISH-PGD
OMIM:251850,MVID
MESH:C537470,microvillus inclusion disease
MESH:D000417,albinism
MESH:D016116,piebaldism
MESH:D022861,Hermansky-Pudlak
MESH:D002609,Chediak-Higashi (CH) Syndromes
MESH:D016512,ankle plantar flexor
MESH:D009901,optic nerve head
MESH:D009798,"glaucoma, ocular hypertension (OHT) eyes"
MESH:D006232,hand-foot-and-mouth disease
MESH:D007105,complex diseases
MESH:D007968,Progressive Multifocal Leukoencephalopathy
MESH:D009072,moyamoya disease
MESH:D018203,Endometrial stromal sarcomas
MESH:D001848,developmental diseases
MESH:D008577,leptomeningeal disease
MESH:D008151,ER-PR-HER2+ tumors
MESH:D057174,Frontotemporal Lobar Dementia
OMIM:102530,globozoospermia
MESH:C535932,ICP
MESH:D018354,alphavirus Sindbis
MESH:D020529,relapsing-remitting type of the disease
MESH:D009216,axial myopia
MESH:C538041,16 dysplasia
MESH:D012468,salivary gland cancer
MESH:D006478,American
MESH:D002371,feline sarcoma
MESH:C548069,pontocerebellar hypoplasia
MESH:C548072,PCH
MESH:C537189,OCA-B
MESH:D018344,CD4-T
MESH:D020326,common disorder
MESH:D015431,position weight matrix
OMIM:610141,interval tumors
MESH:C543101,twin-twin transfusion syndrome
MESH:C531783,abdominal and gluteal depots
MESH:D007725,Krukenberg tumor
MESH:C535299,progesterone receptor modulator
MESH:D013276,gastric ulcer
MESH:D002422,CRPS
MESH:C536321,Kindler syndrome
MESH:D000707,anaphylaxis
MESH:D056987,recipients display spontaneous operational tolerance
MESH:D045828,Moraxella catarrhalis
MESH:D013923,thromboembolism
MESH:D020212,chronic allograft arteriopathy
MESH:C535313,CCC
MESH:D018886,UC-associated dysplasia
MESH:D019339,immunohistochemical stainings
MESH:D004931,achalasia
MESH:D002544,ischemic and hemorrhagic stroke
MESH:D012893,sleep disorders
OMIM:166350,osteoma cutis
MESH:D010016,osteoma
MESH:C537403,Pitt-Hopkins syndrome
OMIM:191900,MWS
MESH:C535854,heavy metal toxicity
MESH:D012877,manifest lymphoma
MESH:D002526,cerebellar hypoplasia
MESH:D054091,periventricular nodular heterotopia
MESH:D006457,PNH
OMIM:300623,Fragile X Tremor/Ataxia Syndrome
MESH:D023981,infect myeloid cells
MESH:C538423,Familial Pulmonary Fibrosis
MESH:D018214,Ossifying fibroma
MESH:D011561,OF
MESH:D011254,pregnancy loss
MESH:C535733,Emanuel syndrome
MESH:D000743,Microangiopathic Brain Injury study
MESH:D006966,PROLACTIN
MESH:D020065,hepato cellarlar carcinoma
MESH:D003130,combat melanoma
MESH:C538178,zinc deficiency
OMIM:613718,intestinal epithelial cell line FHS 74
MESH:C536368,breast angiosarcomas
MESH:D012891,apnea hypopnea
MESH:C538616,PMC
MESH:C536089,CMS
MESH:D016545,choroid plexus epithelium
MESH:D016263,HIV-associated neurocognitive disorder
MESH:D010409,penile carcinomas
MESH:D010412,penile cancer
OMIM:609814,CFH
MESH:C537025,Richter-syndrome
MESH:D041441,RS
MESH:D005207,pediatric tumor of skeletal muscle
MESH:D055036,campomelic dysplasia
MESH:D000267,cytoreductive surgery
MESH:C537675,ER status and basal-like versus luminal-like subtype
OMIM:122000,Posterior amorphous corneal dystrophy
MESH:D007499,cornea and iris
MESH:D020417,congenital nystagmus
MESH:C535339,congenital posterior polar cataracts
MESH:D019896,antitrypsin deficiency
OMIM:605714,APP
MESH:D017512,Oral lichenoid disease
MESH:D012192,retrovirus and Sendai virus vectors
MESH:C535883,hyperkeratosis
MESH:D000237,basophilic erythroblasts
MESH:D015408,catecholamine-producing tumors
MESH:D009164,mycobacterium
OMIM:213200,CPD
MESH:D000126,hypochlorhydria
MESH:C536980,TEC
MESH:D015436,omental tumor
MESH:D001845,osteoarthritic subchondral bone
MESH:D011111,peri-articular chondrocytes
MESH:C535775,mild dysplasia
MESH:C535311,CIN III
MESH:D000751,neonatal T
MESH:D014133,human tracheal epithelial
OMIM:613825,C9-ALS
MESH:D001883,borderline personality disorder
MESH:D020790,diabetic central corneas
MESH:D011681,abnormalities in lung function
MESH:D017093,liver failure
MESH:D006968,characterize delayed-type hypersensitivity
MESH:D006211,neuromelanin accumulation
MESH:D008179,Discoid lupus erythematosus
MESH:D007049,iatrogenic antitumor
MESH:D006335,heart injury
MESH:D014571,urological cancers
MESH:D009059,mouth disease
MESH:D018301,mesothelial hyperplasia
MESH:D006315,loss of functionality
MESH:C537423,oculomotor apraxia
MESH:C537308,AOA2
MESH:D014570,Urological Tumors
MESH:D006327,Large hypomethylated blocks
MESH:C537372,Plasmablastic lymphoma
MESH:C536426,CPX
MESH:D019955,severe conduct disorder
MESH:D004370,DR
MESH:C538282,essential regulator of planar cell polarity
MESH:D018901,Peroxisome proliferators
MESH:D004619,amniotic fluid-derived mesenchymal stem cells
MESH:D001165,arteriovenous
MESH:D012735,physiological turnover
MESH:D012480,Salmonella infection
MESH:D024801,Neurodegenerative Tauopathy
MESH:D010392,Pemphigus foliaceus
MESH:C538458,Proinflammatory stimuli rapidly
MESH:C536875,spermatogenesis failure
MESH:C535952,eosinophilic gastritis
OMIM:308050,Child-Turcotte-Pugh class
MESH:C537754,renal developmental defects
MESH:C537157,HRD
MESH:D058627,macrocephaly
MESH:D007003,hypoglycemia
MESH:D019572,neonatal retina vascularization
MESH:D015441,neural degeneration
MESH:D015861,neovascular development
MESH:D020920,sets of disorders
MESH:D007418,visceral
MESH:D001201,ascites tumor
MESH:D009175,mycoplasma
OMIM:600101,peginterferon-alfa-2a
MESH:D018220,desmoplastic stroma
MESH:D001474,Bartonella
MESH:D016657,Cerebral Amyloid Angiopathy
OMIM:607842,CAA
MESH:D006964,LH
MESH:D013851,lean healthy
MESH:D018225,fibroepithelial lesions
MESH:D016780,falciparum and vivax malaria
MESH:D017825,Colony Forming Efficiency
MESH:D001228,experimental aspergillosis
MESH:D004417,breathing tumors
MESH:D054139,Reciprocal leukemia
MESH:C537005,C5-deficient
OMIM:604271,short stature
OMIM:610798,PROS1 interaction
MESH:D016537,B-galactosidase
MESH:D002921,"chronic, progressive scarring disorder"
MESH:D016710,kidney Yin deficiency
MESH:D004819,EV-regulated prostate cancer
MESH:D018352,Coronavirus
MESH:D018382,thyroid hormone homeostasis
MESH:D018633,congenital pulmonary atresia
MESH:D054000,organoid architecture
MESH:D020325,classical definition
MESH:D017495,postinflammatory hyperpigmentation
MESH:D018879,muscle contraction
OMIM:121850,speckle abnormalities
MESH:D051270,Terminalia arjuna exerts beneficial effects
MESH:D058405,pediatric small round cell tumor
MESH:D007566,Chronic Idiopathic
MESH:D014581,idiopathic urticaria
MESH:C537703,Systemic Juvenile
MESH:C531728,electromagnetic fields
MESH:C538659,VP
MESH:D004672,Japanese encephalitis
MESH:C537250,FHL2
MESH:D018328,amelanotic melanoma
OMIM:300290,dopamine transporter imaging
MESH:D013901,neurovascular circulation
OMIM:303800,CBD
MESH:D016136,dermal microvascular ECs
MESH:C537258,Fibrolamellar hepatocellular carcinoma
MESH:D003384,coxsackievirus infection
MESH:D012183,synaptic deficits
OMIM:265120,metabolic dysfunction
OMIM:123790,tumor bearing PDX
MESH:D016575,familial hidradenitis
MESH:D001906,illness botulism
MESH:D056728,IIM
MESH:D008379,Marburg virus infection
MESH:D007634,bacterial and fungal keratitis
MESH:C535783,spondyloepimetaphyseal dysplasia
MESH:D004535,Ehlers–Danlos-like syndrome
OMIM:610170,kyphoscoliosis
MESH:D007593,joint hypermobility and laxity
MESH:C536439,corneal endothelial dystrophies
MESH:C531653,granulomatosis
MESH:C538225,scalp epidermis
MESH:D017543,iliac bone
MESH:D019767,maxillofacial bone defect
MESH:D011469,prostate cnacer disease
MESH:D005351,gingival fibromatosis
MESH:D005889,attached and marginal gingiva
MESH:D047748,Secreted IL-1β
OMIM:608709,APLD
MESH:C536015,alopecia areata
MESH:C536273,autosomal recessive congenital ichthyosis
MESH:D017436,Kallmann syndrome
MESH:C538511,benign and neoplastic oviductal epithelium
MESH:D013163,massive splenomegaly
MESH:D004211,Coagulopathy
MESH:C537104,dysplastic BO
MESH:C543241,deficiency results
MESH:D015428,ischemic injury
MESH:D000506,AU-SM5-1
MESH:D005148,Solar elastosis
MESH:D012178,retinopathy of prematurity
MESH:C536382,ROP
MESH:C536419,RLT-PSC
MESH:D019871,dyskeratosis congenita
MESH:C531754,sequencing - Exploiting the off-targets
MESH:D009771,obsessive-compulsive disorder
MESH:D001068,eating disorders
MESH:C537560,PAC
MESH:D005265,osteoporotic femoral-neck fractures
MESH:D014082,fracture
MESH:C538028,CA-IX
MESH:D054081,neuronal disorders
MESH:D014456,ulcer diseases
OMIM:612635,Proliferative Diabetic Retinopathy
MESH:D046110,serious pregnancy hypertensive disorder
MESH:D015160,hydrops fetalis
MESH:C536356,DAT-negative non-spherocytic hemolytic anaemia
MESH:D004899,erythroblastosis
MESH:C536201,cholesterol biosynthesis
MESH:D057165,Fold Induction
OMIM:185800,anterior-proximal
OMIM:606768,anterior-distal
MESH:C535470,OXPHOS
MESH:D015207,hip osteoarthritis
MESH:D052476,apolipoprotein E-deficient
MESH:D000708,anaplasia
MESH:D058494,shift towards Warburg metabolism
OMIM:606528,11p15 ICR1 hypomethylation
MESH:D007007,anhidrosis
MESH:D019082,Smith-Lemli-Opitz syndrome
MESH:C535937,cholesterol deficient
MESH:C535563,THM
MESH:D012552,chronic schistosomiasis
MESH:D012554,chronic schistosomiasis japonica
MESH:D009221,FOP
MESH:D010211,dermal papilla
MESH:D007757,Leukemia Laboratory
MESH:D029502,congenital hypoplastic anemia
MESH:C537067,Focal cortical dysplasia
MESH:D020785,brain malformation
MESH:C538175,multidimensional scaling
MESH:D008342,developmental disease Treacher Collins Syndrome
MESH:C536238,BCM
MESH:D019465,craniofacial disorder
MESH:D005706,gallbladder cancer
OMIM:233300,ovarian dysgenesis
OMIM:300510,ovarian failure
MESH:D017096,prion disease and several types of cancer
MESH:D044483,intestinal polyposis
MESH:D009443,neuritis
MESH:D009902,Optic neuritis
MESH:C535672,"Dopaminergic, serotonergic and cholinergic pathways"
MESH:D004679,murine encephalomyelitis
MESH:C536423,adult progeroid syndrome
MESH:D001170,septic disease
MESH:D056627,peritoneal sclerosis
MESH:C538012,EPS
MESH:D055499,peritoneal dialysis catheter
MESH:D020788,BBS
MESH:D020852,Borrelia burgdorferi infection
OMIM:604201,Schistosoma japonicum infection
MESH:C536415,aldose reductase-like 1
MESH:D053549,Pachyonychia congenita
MESH:D010146,painful plantar keratoderma
MESH:D053306,hyper-contractile
MESH:D013700,giant cell arteritis
MESH:D001733,deficiency in either STING or AIM2
MESH:D020817,Asperger syndrome
MESH:D020371,Pelizaeus-Merzbacher disease
MESH:D014846,endometrial (EC) and vulvar cancer
MESH:D004761,nosocomial diarrhea and pseudomembranous colitis
OMIM:179850,DDD
MESH:D003047,Dirofilaria immitis
OMIM:613587,OMD
MESH:D059905,non-infection
MESH:D009260,nail dystrophy
MESH:C536545,essential component of mTORC 1
OMIM:608358,Type II myosin
OMIM:608579,carbamazepine
MESH:D015012,Yersinia pseudotuberculosis
MESH:D004675,borne encephalitis
MESH:D056732,genetic prolidase deficiency
MESH:C536757,congenital adrenal hypoplasia
MESH:D006059,gonadal dysgenesis
MESH:D006954,FAT
MESH:D013180,Leishmania major Friedlin V1 strain and Leishmania donovani 1S strain parasites
MESH:D010243,chronic paralysis
MESH:C537475,component of the polycomb repressive complex (PRC)-1
MESH:C535810,Moloney leukemia
MESH:D006562,adrenal zona glomerulosa
MESH:C535687,Roberts syndrome
MESH:D011052,neuropathological involvement
MESH:D019958,brain function and behavioral deficits
MESH:D046730,lymphocytic colitis
MESH:D055732,pulmonary aspergillosis
MESH:D020361,autonomic dysfunction
OMIM:609646,total of 42 multinodular tumors
MESH:D013106,sphingolipid dysregulation
MESH:D045823,ileus
MESH:D013742,Diphtheria/Tetanus toxoids
MESH:D014328,trophoblastic disease
MESH:D012393,erythematotelangiectatic rosacea
MESH:C537119,Leri-Weill dyschondrosteosis
OMIM:300582,ISS
OMIM:275350,TC-NER
MESH:C536693,LOH of well-known tumor
MESH:D018496,hyperoxia
MESH:D001649,ICC with bile duct differentiation
MESH:D017359,HELLP syndrome
MESH:C538333,onychodysplasia
MESH:D053821,persistent cardiovascular infection
MESH:D012167,meniscus tears
MESH:C535841,autoimmune encephalitis
MESH:C537844,subtype of non-seminomatous germ cell tumors
MESH:D018323,hepatic epithelioid hemangioendothelioma
MESH:D007870,telomere lengths
MESH:C535424,PCs
MESH:D010301,encephalititis
OMIM:609823,benign prostatic hyperplasia and 28 healthy controls
MESH:D016711,extremely Yang deficiency
MESH:D018195,Adenosarcoma
MESH:D005833,malignant gynecologic neoplasms
MESH:C537062,harbor lymphoma
MESH:D020323,Glioma TICs
MESH:D013398,SID
OMIM:609541,SPOAN syndrome
MESH:D012162,retinal degeneration
MESH:C536911,MTC
OMIM:115210,restricted type I viral latency
MESH:D028227,familial amyloid polyneuropathy
MESH:C531623,familial coarctation of the aorta
MESH:D008584,Listeria monocytogenes infection
MESH:D013290,Group A streptococcal disease
MESH:D003397,craniopharyngioma
OMIM:605388,ACP
MESH:D014832,mental disturbances
MESH:D013158,splenic disease
MESH:D017719,diabetic foot
MESH:D014648,varicose vein disease
MESH:D018280,atrial appendages
MESH:D000564,Ameloblastoma
MESH:D009808,Keratocystic odontogenic tumor
OMIM:120970,ROD
OMIM:162900,keratinocyte progenitors
MESH:D018284,Serous Cystadenocarcinoma
MESH:D001899,Borrelia garinii
MESH:C531777,Familial pheochromocytoma
MESH:C536975,congenital tracheal stenosis
MESH:D020181,upper airway tumors
OMIM:266140,HPP
MESH:C536453,epigenomic profile of PRC2
MESH:D011041,Acute and chronic PA poisoning
MESH:C557815,interleukin-1 alfa
MESH:D000757,anencephaly
MESH:D016135,spina bifida kidneys
MESH:D006043,endemic infections
MESH:D002006,brucellosis infection
MESH:C537903,idiopathic portal hypertension
MESH:D012170,intrahepatic peripheral portal vein thrombosis
MESH:C538397,troponin-T
MESH:D005146,craniofacial microsomia
MESH:D001169,Collagen-Induced Arthritis
MESH:D007244,in infectious mononucleosis
OMIM:415000,AZF
OMIM:607221,Pericentric heterochromatin
MESH:D009810,fibro-inflammatory disorder
MESH:D008924,house dust mite
MESH:D019873,Schnitzler’s syndrome
MESH:D005076,urticarial rash
OMIM:180500,RGS
MESH:D047728,Degenerative Annulus Fibrosus
MESH:C538421,brain iron accumulation
OMIM:208050,arterial tortuosity syndrome
OMIM:301050,ATS
MESH:D007942,Comparison of these model leukemias
MESH:D017490,lamellar ichthyosis
MESH:C538579,LI
OMIM:613339,bathing suit ichthyosis
OMIM:608988,atrial biopsies of 2
MESH:C537404,Tumor Growth due Apoptosis
MESH:D007184,LIN28-IP and CTL- IP
MESH:D018310,ovarian Sertoli-Leydig cell tumors
OMIM:193700,FSS
MESH:D019693,autoimmune hepatitis
MESH:D007414,intestinal cancer
OMIM:277470,recessive syndromic constellation of pontocerebellar atrophy
OMIM:604307,CCL-2
MESH:D001041,endometrial receptivity
MESH:D006977,"hypertension, vascular endothelial dysfunction and renal inflammation"
MESH:D009385,neoplastic process
MESH:C537092,Annexin A6-mediated tumor
MESH:D008548,melasma lesions
MESH:D018330,intradermally
MESH:D004393,growth hormone deficient
MESH:D050723,osteoporosis/bone fractures
MESH:D000799,angioedema
MESH:D002761,cholangitis
MESH:C536143,MMR proficiency
MESH:D016171,branch point sequence
MESH:D015471,basophilic leukemia
MESH:D003966,PDD
MESH:C537156,Flavokawain B and FIH-treated cervical cancer
MESH:D006552,inguinal radical orchiectomy
MESH:D006453,hemoglobinopathy
MESH:D001157,vaso-occlusion
MESH:D003645,sudden death
MESH:C536750,WSS
MESH:D018778,hantavirus infection
MESH:D006010,AGL loss
MESH:C536088,Curth-Macklin
MESH:C537379,WL
MESH:D004653,empyema
MESH:C536330,Polycystic liver disease
MESH:D007669,idiopathic calcium oxalate (CaOx) kidney stones
MESH:D008072,LPL
OMIM:256810,NN
MESH:D017437,normal skin tissues
MESH:D001989,bronchiolitis obliterans syndrome
MESH:C537415,BOS
MESH:D012213,acute rheumatic fever
MESH:D012214,rheumatic heart disease
MESH:D016491,peripheral vascular disease
MESH:C536687,Weaver syndrome
MESH:C536075,vitreoretinal disease
MESH:D014823,vitreous of proliferative vitreoretinal disease
MESH:D012120,mitochondrial respiration deficiency
MESH:D013705,inflammatory temporomandibular
MESH:D004751,enteric dysfunction
OMIM:260370,Pancreatic Hypoplasia
MESH:C536194,EDS
MESH:D053207,excessive daytime sleepiness
OMIM:612954,BAG3-knockdown
MESH:D002804,chondroblastomas
OMIM:202300,Pediatric adrenocortical tumors
MESH:D011843,dorsal root ganglia
MESH:D001063,Appendiceal cancer
OMIM:605019,familial hypobetalipoproteinemia
MESH:C537057,universal chromosome architecture
MESH:C537392,atypical MPN
OMIM:105600,multinucleated myotubes
MESH:D010257,paraneoplastic
MESH:D003139,Cold atmospheric pressure plasma
MESH:D020833,DAI
OMIM:232220,defective glucose homeostasis
MESH:C537884,Peters Anomaly
MESH:C537775,anterior segment ocular dysgenesis
MESH:C538115,anterior segment of the eye
MESH:C535598,deficiency linked to BTG2
MESH:D006392,Cavernous Hemangioma
MESH:D005671,fused-in sarcoma
MESH:C538361,reticular dysgenesis
MESH:D010188,pancreatic exocrine disorder
MESH:C537768,pulmonary hypoplasia
MESH:D007960,intestinal lamina propria leukocyte
MESH:D054971,Nepali child soldiers
MESH:C536150,Ferguson HJM
MESH:D000033,cancer-threatening conditions
OMIM:600510,PDS
MESH:C535984,CAVD
MESH:D011671,pulpitis
MESH:D016506,Hailey-Hailey disease
MESH:D007898,visceral leishmaniasis
MESH:D058345,asymptomatic infection
MESH:C536654,cytosolic and polysome
MESH:D001835,Embryoid body
OMIM:611881,RED
MESH:D003557,fibroadenomas and phyllodes tumors
MESH:C537024,abnormal muscular ossification
MESH:C536271,IPS
MESH:D003310,cardiac atrium
MESH:D007027,hypothalamic
MESH:D000855,anorexia
MESH:D010585,mononuclear phagocyte system
MESH:D017497,hidradenitis suppurativa
MESH:D020886,Tumor touch imprints
MESH:D012078,renal artery ligation​.
MESH:D003398,sagittal synostosis
MESH:D011686,cyclobutane pyrimidine dimers
MESH:D018279,colorectal signet ring cell carcinoma
MESH:C538564,hypereosinophilia
MESH:C538243,CaP
MESH:D003074,pulmonary lesions
MESH:D009669,nasal lung cancer
MESH:D006058,aorta-gonad-mesonephros
MESH:D019449,pouchitis
MESH:D056770,NS
MESH:C536399,Perlman syndrome
MESH:C536486,variety of T
MESH:D018420,APs
MESH:D008591,myelomeningocele
MESH:C535653,Colombia and Costa Rica
MESH:C535349,ACF
MESH:C537530,sebaceous hyperplasia
MESH:D018882,systemic heat stress
MESH:D000008,abdominal disorders
OMIM:611809,ARB
MESH:D038261,Alexander disease
MESH:D005173,Rosenthal fibers
MESH:C536990,Mowat-Wilson syndrome
MESH:C535579,cardiofaciocutaneous syndrome
MESH:C538145,White-Sutton syndrome
MESH:D003251,stenosis
MESH:C537947,Cerebrospinal fluid
MESH:D052582,snap-frozen fresh tissues
MESH:D018457,retained cell viability
MESH:D061205,arterial beds in vascular calcification
MESH:C537875,PLC
MESH:D013036,West syndrome
MESH:D010381,PHA
MESH:D018206,angiolipoma
MESH:D007871,Chronic non-healing venous leg ulcers
MESH:D000381,bilayered living cellular construct
MESH:C536632,SGS
MESH:D003414,Crigler-najjar syndrome
MESH:D010998,tuberculous pleuritis
MESH:D054069,frozen-thawed embryo transfer
MESH:D017169,Post-Traumatic
MESH:D009394,Alport syndrome
MESH:C536209,"autonomic control, inflammatory profile and dysfunctional hypothalamic–pituitary"
OMIM:119530,orofacial clefts
MESH:C538424,infection and tolerate the semi-allogeneic fetus
MESH:C537323,autosomal dominant inherited disease
MESH:D009222,myotonia
OMIM:300125,typical syndrome
MESH:C559045,callosum hypoplasia
MESH:D020520,anterior circulation infarction
OMIM:270450,IGF
MESH:C535471,anterior lamelar corneas
MESH:D020176,type I tyrosinemia
OMIM:102600,nicotinamide adenine dinucleotide
MESH:D012561,juvenile-onset schizophrenia
OMIM:181750,cutaneous scleroderma
MESH:D004108,coronary artery ectasia
MESH:D013896,thoracic tumors
OMIM:188570,sorafenib unresponsiveness
MESH:D007662,ketosis
MESH:D036821,endometrial stromal tumors
MESH:D012562,spatial genome disorganization
MESH:D006556,heroin use disorder
MESH:D009634,male's omentum
MESH:D017588,hyperandrogenic steroid profile
MESH:D031901,trophoblastic neoplasia
MESH:D018245,"choriocarcinoma, placental site trophoblastic tumors"
OMIM:610773,solute carrier
MESH:D056733,CAR-T
MESH:C538336,NHS
MESH:C538661,TCS
MESH:D008158,Ludwig-Melbourne Melanoma
MESH:D008557,LM-MEL
MESH:D008590,Frühsommer meningoencephalitis
MESH:C536482,erythroid aplasia
MESH:D031261,blindness and mortality
MESH:D058065,diabetic cardiomyopathy
OMIM:300755,XLA
MESH:D007627,active keloid lesion
MESH:D017827,Machado-Joseph disease
MESH:C537049,Mineral and bone disorder
OMIM:600795,FTD3
MESH:D014012,pulsatile shear
MESH:D019106,systemic blood loss
MESH:D012883,chronic skin ulcers
MESH:D009759,quadrivalent meningococcal conjugate
MESH:D007640,Keratoconus
OMIM:610248,cohort of 65
MESH:C538144,matched healthy volunteers (HV) and chronic Nonunion
MESH:D054972,Postural Tachycardia Syndrome
MESH:D008104,"decompensated cirrhosis, -alcoholic hepatitis"
MESH:D053840,Brugada Syndrome
MESH:C538433,Ancylostoma
MESH:C535963,Cole disease
MESH:D013717,Tenosynovitis
MESH:D020238,target recognition domain
MESH:D038921,CLS
OMIM:607277,HOXD-AS1 knockdown prostate cancer
MESH:D010547,hereditary persistence of fetal hemoglobin (HPFH) and β-thalassaemia
MESH:D013217,hypoxia and nutrient starvation
OMIM:613661,iPS-T
MESH:D009377,Hereditary endocrine neoplasias
MESH:C537123,OPA1 Haploinsufficiency
MESH:D009122,Hypertonic
MESH:D000015,multiple diseases
OMIM:270300,decidual defects
OMIM:271665,SL
MESH:D004382,duodenal neoplasia
MESH:C536293,Joubert Syndrome
OMIM:227300,trefoil factor family
MESH:D011542,pseudarthrosis
MESH:D013631,Tangier disease
MESH:C536469,paternal uniparental disomy
MESH:C537814,IL-7
MESH:D060725,embryonic lung epithelial tip
MESH:D020362,paraneoplastic cerebellar degeneration
MESH:D020192,LBD
OMIM:262400,primordial lung progenitors
MESH:C537955,Graphene quantum dots
MESH:D054078,active hyperimmunoglobulinemia D
OMIM:255300,congenital myopathy
MESH:C537708,complex disorders
MESH:C535863,SYN
MESH:C538157,Blau syndrome
MESH:D053358,EDA
MESH:D060825,cognitive impairment
MESH:D018312,cord-stromal tumors
MESH:D018199,mesodermal inducer T/Brachyury
MESH:C537948,CLN1 disease
MESH:C535650,Gastro-Entero-Pancreatic Neuroendocrine Tumors
MESH:D057096,diarrheic shellﬁsh poisoning
MESH:D010048,ovarian cysts
MESH:D009877,endophthalmitis
MESH:D054039,Color fundus photos
OMIM:245480,stress granules
MESH:D015154,mechanical dysmotility
MESH:C537394,myenteric ganglia
OMIM:118700,BCH
MESH:D015479,M4 tumors
OMIM:201450,attenuates MCAD
MESH:D012075,renal remission
MESH:D002527,abnormalities of the dentate
MESH:C536611,cylindromatosis
MESH:C538235,Adenylosuccinate lyase (ADSL) enhances endometrial cancer
OMIM:601308,CUX1 myeloid tumor
MESH:D007690,polycystic kidney disease
MESH:D012303,aortic ring contractility
MESH:D006201,facial hair and eyebrows
MESH:D003389,cranial placodes
MESH:D004362,idiosyncratic drug toxicity
MESH:D018979,IBM
MESH:D018304,Olfactory neuroblastoma
MESH:C537623,Calmette-Guérin
MESH:D012868,skin barrier abnormalities
MESH:D001177,arthropathy
MESH:D008061,Whipple’s disease
MESH:C537792,axial chromosomal positions
MESH:D003025,maculopathy
MESH:D000742,congenital dyserythropoietic anemia
OMIM:613673,Type IV congenital dyserythropoietic anemia
MESH:D000361,Hypogammaglobulinemia
MESH:C535727,hepatosplenomegaly
MESH:D012700,serositis
MESH:D054438,Philadelphia-negative myeloproliferative neoplasms
MESH:C537901,athyroid
MESH:D005141,carcinoma of the eyelid
MESH:D005313,fetal death
MESH:D009494,neurosyphilis
MESH:D025962,optic dysplasia
OMIM:116800,CTSH and functional lamellar bodies
MESH:D006445,disorders in hemoglobin metabolism
MESH:D018315,subependymoma
OMIM:612318,PFB tumors
MESH:D001478,Gorlin syndrome
OMIM:613700,IL-22
MESH:D002973,Cleidocranial Dysplasia
MESH:D012164,retinal diseases
OMIM:605253,hypomyelination
MESH:C536005,dynamic hyper-acetylated chromatin
OMIM:606766,nonobstructive azoospermia
MESH:D017243,MERRF
MESH:D061218,endocrine therapy resistant tumors
OMIM:605635,Familial Hyperaldosteronism Type II
MESH:D009437,neuropathic
MESH:D010900,deficiency by the pituitary gland
MESH:D002780,Intrahepatic cholangiocarcioma
OMIM:264700,Prolyl-Hydroxylase Domain
MESH:D008303,carcinoid malignancies
MESH:C537770,regressive CIS lesions
MESH:D056648,ANCA-associated vasculitis
MESH:D017119,HEP
MESH:D058926,mindfulness awareness practice
MESH:C537526,TYS
MESH:D019280,BOFS
MESH:D003453,Iliac Cryptococcosis
MESH:D010019,Cryptococcal osteomyelitis
OMIM:613385,multisystemic disease
MESH:D054070,stasis syndrome
MESH:D018883,heat-accumulation
MESH:D057072,intra-articular injuries
MESH:C536899,cyclic deformation
MESH:D008575,Meniere disease
MESH:D017731,lymphomatoid papulosis
OMIM:612319,dysmyelination
OMIM:157700,MVP
MESH:D005357,fibrous dysplastic bone
MESH:C536165,Trichophyton rubrum
MESH:D018286,giant cell carcinoma
OMIM:181800,Adolescent idiopathic scoliosis
MESH:D006935,Hypercapnia
MESH:D018177,flavivirus infection
MESH:C548083,presence of dengue virus NS5
MESH:D001607,chronic beryllium disease
MESH:D008415,mastocytosis
OMIM:603933,diabetic microvascular complications
MESH:D054973,artificial perivascular niche
MESH:C537009,Maria-Rosa Sarrias
MESH:D002537,cerebral atherosclerosis
MESH:D020803,simplex encephalitis
MESH:D004238,Diverticulitis
MESH:D008059,Mucopolysaccharidosis I
MESH:C538334,Nakajo-Nishimura syndrome
MESH:D008173,obstructive lung diseases
MESH:D018209,adrenal myelolipoma
MESH:D011297,delayed radiation effects
MESH:D014138,Tracheoesophageal disorders
MESH:C538554,galactosylceramide
MESH:D011528,protozoan Trypanosoma
MESH:D001990,Acute viral bronchiolitis
MESH:D009459,NMS
MESH:D054312,Buruli ulcer
MESH:D016706,inactive-adult Still disease
MESH:D016585,vaginosis
MESH:D013919,thromboangiities obliterans
MESH:D040181,X-linked genetic disorders
MESH:C538103,Clustered Regularly Interspaced Short Palindromic
MESH:C536551,Tricho-Rhino-Phalangeal Syndrome
MESH:C535685,RMD
OMIM:312550,PRD-III
MESH:D017379,polygenic left ventricular hypertrophy
MESH:D018792,viral encephalitis
MESH:D018589,gastroparesis
OMIM:251200,autosomal recessive microcephaly
MESH:D019970,cocaine use disorders
MESH:D020336,lower extremity spastic paraplegia
MESH:C536436,Coffin-Siris
MESH:C536116,Nicolaides-Baraitser syndromes
MESH:D017511,pyoderma gangrenosum and acne (PAPA) syndrome
MESH:D010850,Picornaviridae family
MESH:D005352,fibromuscular stroma
MESH:C535468,Consequent copper accumulation
MESH:C536373,Covaris AFA system
MESH:D008883,miliaria
MESH:D006945,hyperhidrosis
MESH:C537704,paediatric-onset
MESH:D010985,impressive kidney organoid cell diversity
MESH:D020268,1-ethyl-3-(3-dimethylaminopropyl)carbodiimide
MESH:D056487,chronic liver injury
MESH:D006212,people who inject drugs
MESH:C538582,dermatologic diseases
MESH:D007153,antibody-dependent cellular phagocytosis
MESH:C538320,HIS
MESH:D002528,infantile cerebellar embryonal tumors
OMIM:608264,40 lymphomas
MESH:D007946,mast cell leukemia
MESH:D010509,brain laterality
MESH:D006832,brain hemispheres
MESH:C537533,microcephalic
MESH:C536207,Citrulline-Nitric Oxide
MESH:C535758,intracardiac injection completely blocked tumor
MESH:D015140,Vascular Dementia
MESH:D056693,glucocorticoid clobetasol propionate
MESH:D007905,human lens epithelial
MESH:C538273,autoimmune-like enteropathy
MESH:D015004,yellow fever virus
MESH:D009423,systemic anti-tumor
OMIM:162830,assessment of alveolar neutrophilia
OMIM:119500,PPS
MESH:C536713,forebrain disorders
MESH:C537093,BDC
MESH:D010485,apical-basal polarity
MESH:D012713,Comparison of serum
MESH:D014912,white tea extract
MESH:C548481,neuronal heterotopia
MESH:C537334,autosomal recessive inherited disorder
MESH:C536591,alveolar echinococcosis
MESH:D046589,CADASIL vascular pathologies
MESH:C536411,windowed protection score
MESH:D006316,B-allele frequency
MESH:D009366,Moringa oleifera seeds
MESH:D018308,malignant transformation of sinonasal inverted papilloma
MESH:D010787,actin crosslinking domain
MESH:D010031,chronic otitis
MESH:D012848,sinoatrial node
MESH:D009855,onchocerciasis
MESH:D003744,tooth enamel defects
MESH:C535740,MPI
MESH:D020918,TF region complexity
MESH:D009091,invasive mucormycosis
